Workbook

Sheet 2023.10
A1: 장르 | B1: 개수 | V1: 내가만든유즈맵 | W1: 타인제작유즈맵 | X1: 맞히기 | Y1: 총 개수
A2: 맞히기 | B2: =VLOOKUP(A2,$U$2:$Y$26,5,0) -> 64 | U2: 캠페인 | V2: 9 | W2: 0 | Y2: =V2+W2+X2 -> 9
A3: 디펜스 | B3: =VLOOKUP(A3,$U$2:$Y$26,5,0) -> 16 | U3: 디펜스 | V3: 15 | W3: 1 | Y3: =V3+W3+X3 -> 16
A4: 컴까기 | B4: =VLOOKUP(A4,$U$2:$Y$26,5,0) -> 11 | U4: 대전 | V4: 6 | W4: 1 | Y4: =V4+W4+X4 -> 7
A5: 캠페인 | B5: =VLOOKUP(A5,$U$2:$Y$26,5,0) -> 9 | U5: RPG | V5: 8 | W5: 0 | Y5: =V5+W5+X5 -> 8
A6: 컨트롤 | B6: =VLOOKUP(A6,$U$2:$Y$26,5,0) -> 8 | U6: 블러드 | V6: 3 | W6: 0 | Y6: =V6+W6+X6 -> 3
A7: RPG | B7: =VLOOKUP(A7,$U$2:$Y$26,5,0) -> 8 | U7: 미니게임 | V7: 1 | W7: 0 | Y7: =V7+W7+X7 -> 1
A8: 대전 | B8: =VLOOKUP(A8,$U$2:$Y$26,5,0) -> 7 | U8: 컴까기 | V8: 10 | W8: 1 | Y8: =V8+W8+X8 -> 11
A9: 서바이벌 | B9: =VLOOKUP(A9,$U$2:$Y$26,5,0) -> 4 | U9: 서바이벌 | V9: 4 | W9: 0 | Y9: =V9+W9+X9 -> 4
A10: 기타 | B10: =VLOOKUP(A10,$U$2:$Y$26,5,0) -> 3 | U10: 컨트롤 | V10: 7 | W10: 1 | Y10: =V10+W10+X10 -> 8
A11: 블러드 | B11: =VLOOKUP(A11,$U$2:$Y$26,5,0) -> 3 | U11: 리듬게임 | V11: 1 | W11: 0 | Y11: =V11+W11+X11 -> 1
A12: 어드벤처 | B12: =VLOOKUP(A12,$U$2:$Y$26,5,0) -> 3 | U12: 퍼즐 | V12: 1 | W12: 0 | Y12: =V12+W12+X12 -> 1
A13: 디플로메시 | B13: =VLOOKUP(A13,$U$2:$Y$26,5,0) -> 3 | U13: 밀리기반 | V13: 2 | W13: 0 | Y13: =V13+W13+X13 -> 2
... A25: 병맛 | B25: =VLOOKUP(A25,$U$2:$Y$26,5,0) -> 0 | U25: AOS | V25: 1 | W25: 1 | Y25: =V25+W25+X25 -> 2
A26: 영상 | B26: =VLOOKUP(A26,$U$2:$Y$26,5,0) -> 0 | U26: 맞히기 | V26: 0 | W26: 0 | X26: 64 | Y26: =V26+W26+X26 -> 64

Sheet 2023.11
A1: 장르 | B1: 개수 | V1: 내가만든유즈맵 | W1: 타인제작유즈맵 | X1: 맞히기 | Y1: 총 개수
A2: 맞히기 | B2: =VLOOKUP(A2,$U$2:$Y$26,5,0) -> 36 | U2: 캠페인 | V2: 12 | W2: 0 | Y2: =V2+W2+X2 -> 12
A3: 디펜스 | B3: =VLOOKUP(A3,$U$2:$Y$26,5,0) -> 13 | U3: 디펜스 | V3: 10 | W3: 3 | Y3: =V3+W3+X3 -> 13
A4: 캠페인 | B4: =VLOOKUP(A4,$U$2:$Y$26,5,0) -> 12 | U4: 대전 | V4: 5 | W4: 1 | Y4: =V4+W4+X4 -> 6
A5: 컴까기 | B5: =VLOOKUP(A5,$U$2:$Y$26,5,0) -> 11 | U5: RPG | V5: 1 | W5: 1 | Y5: =V5+W5+X5 -> 2
A6: 컨트롤 | B6: =VLOOKUP(A6,$U$2:$Y$26,5,0) -> 6 | U6: 블러드 | V6: 2 | W6: 1 | Y6: =V6+W6+X6 -> 3
A7: 대전 | B7: =VLOOKUP(A7,$U$2:$Y$26,5,0) -> 6 | U7: 미니게임 | V7: 4 | W7: 0 | Y7: =V7+W7+X7 -> 4
A8: 서바이벌 | B8: =VLOOKUP(A8,$U$2:$Y$26,5,0) -> 5 | U8: 컴까기 | V8: 11 | W8: 0 | Y8: =V8+W8+X8 -> 11
A9: 기타 | B9: =VLOOKUP(A9,$U$2:$Y$26,5,0) -> 5 | U9: 서바이벌 | V9: 4 | W9: 1 | Y9: =V9+W9+X9 -> 5
A10: 미니게임 | B10: =VLOOKUP(A10,$U$2:$Y$26,5,0) -> 4 | U10: 컨트롤 | V10: 6 | W10: 0 | Y10: =V10+W10+X10 -> 6
A11: 블러드 | B11: =VLOOKUP(A11,$U$2:$Y$26,5,0) -> 3 | U11: 리듬게임 | V11: 0 | W11: 0 | Y11: =V11+W11+X11 -> 0
A12: 어드벤처 | B12: =VLOOKUP(A12,$U$2:$Y$26,5,0) -> 3 | U12: 퍼즐 | V12: 1 | W12: 0 | Y12: =V12+W12+X12 -> 1
A13: 디플로메시 | B13: =VLOOKUP(A13,$U$2:$Y$26,5,0) -> 3 | U13: 밀리기반 | V13: 3 | W13: 0 | Y13: =V13+W13+X13 -> 3
... A25: 병맛 | B25: =VLOOKUP(A25,$U$2:$Y$26,5,0) -> 0 | U25: AOS | V25: 0 | W25: 0 | Y25: =V25+W25+X25 -> 0
A26: 영상 | B26: =VLOOKUP(A26,$U$2:$Y$26,5,0) -> 0 | U26: 맞히기 | V26: 0 | W26: 0 | X26: 36 | Y26: =V26+W26+X26 -> 36

Sheet 2023.12
A1: 장르 | B1: 개수 | V1: 내가만든유즈맵 | W1: 타인제작유즈맵 | X1: 맞히기 | Y1: 총 개수
A2: 맞히기 | B2: =VLOOKUP(A2,$U$2:$Y$26,5,0) -> 37 | U2: 캠페인 | V2: 3 | W2: 4 | Y2: =V2+W2+X2 -> 7
A3: 디펜스 | B3: =VLOOKUP(A3,$U$2:$Y$26,5,0) -> 17 | U3: 디펜스 | V3: 16 | W3: 1 | Y3: =V3+W3+X3 -> 17
A4: 대전 | B4: =VLOOKUP(A4,$U$2:$Y$26,5,0) -> 13 | U4: 대전 | V4: 7 | W4: 6 | Y4: =V4+W4+X4 -> 13
A5: 컴까기 | B5: =VLOOKUP(A5,$U$2:$Y$26,5,0) -> 12 | U5: RPG | V5: 2 | W5: 4 | Y5: =V5+W5+X5 -> 6
A6: 컨트롤 | B6: =VLOOKUP(A6,$U$2:$Y$26,5,0) -> 11 | U6: 블러드 | V6: 0 | W6: 0 | Y6: =V6+W6+X6 -> 0
A7: 캠페인 | B7: =VLOOKUP(A7,$U$2:$Y$26,5,0) -> 7 | U7: 미니게임 | V7: 4 | W7: 1 | Y7: =V7+W7+X7 -> 5
A8: RPG | B8: =VLOOKUP(A8,$U$2:$Y$26,5,0) -> 6 | U8: 컴까기 | V8: 10 | W8: 2 | Y8: =V8+W8+X8 -> 12
A9: 미니게임 | B9: =VLOOKUP(A9,$U$2:$Y$26,5,0) -> 5 | U9: 서바이벌 | V9: 3 | W9: 0 | Y9: =V9+W9+X9 -> 3
A10: 서바이벌 | B10: =VLOOKUP(A10,$U$2:$Y$26,5,0) -> 3 | U10: 컨트롤 | V10: 11 | W10: 0 | Y10: =V10+W10+X10 -> 11
A11: 기타 | B11: =VLOOKUP(A11,$U$2:$Y$26,5,0) -> 3 | U11: 리듬게임 | V11: 0 | W11: 0 | Y11: =V11+W11+X11 -> 0
A12: 어드벤처 | B12: =VLOOKUP(A12,$U$2:$Y$26,5,0) -> 3 | U12: 퍼즐 | V12: 1 | W12: 0 | Y12: =V12+W12+X12 -> 1
A13: 키우기 | B13: =VLOOKUP(A13,$U$2:$Y$26,5,0) -> 3 | U13: 밀리기반 | V13: 2 | W13: 0 | Y13: =V13+W13+X13 -> 2
... A26: 영상 | B26: =VLOOKUP(A26,$U$2:$Y$26,5,0) -> 0 | U26: 맞히기 | V26: 0 | W26: 37 | Y26: =V26+W26+X26 -> 37

Sheet 2024.01
A1: 장르 | B1: 개수 | V1: 내가만든유즈맵 | W1: 타인제작유즈맵 | X1: 맞히기 | Y1: 총 개수
A2: 맞히기 | B2: =VLOOKUP(A2,$U$2:$Y$26,5,0) -> 47 | U2: 캠페인 | V2: 3 | W2: 4 | X2: 0 | Y2: =V2+W2+X2 -> 7
A3: 컨트롤 | B3: =VLOOKUP(A3,$U$2:$Y$26,5,0) -> 12 | U3: 디펜스 | V3: 11 | W3: 0 | X3: 0 | Y3: =V3+W3+X3 -> 11
A4: 디펜스 | B4: =VLOOKUP(A4,$U$2:$Y$26,5,0) -> 11 | U4: 대전 | V4: 3 | W4: 4 | X4: 0 | Y4: =V4+W4+X4 -> 7
A5: 기타 | B5: =VLOOKUP(A5,$U$2:$Y$26,5,0) -> 10 | U5: RPG | V5: 4 | W5: 2 | X5: 0 | Y5: =V5+W5+X5 -> 6
A6: 컴까기 | B6: =VLOOKUP(A6,$U$2:$Y$26,5,0) -> 8 | U6: 블러드 | V6: 1 | W6: 0 | X6: 0 | Y6: =V6+W6+X6 -> 1
A7: 대전 | B7: =VLOOKUP(A7,$U$2:$Y$26,5,0) -> 7 | U7: 미니게임 | V7: 5 | W7: 1 | X7: 0 | Y7: =V7+W7+X7 -> 6
A8: 캠페인 | B8: =VLOOKUP(A8,$U$2:$Y$26,5,0) -> 7 | U8: 컴까기 | V8: 7 | W8: 1 | X8: 0 | Y8: =V8+W8+X8 -> 8
A9: RPG | B9: =VLOOKUP(A9,$U$2:$Y$26,5,0) -> 6 | U9: 서바이벌 | V9: 5 | W9: 0 | X9: 0 | Y9: =V9+W9+X9 -> 5
A10: 미니게임 | B10: =VLOOKUP(A10,$U$2:$Y$26,5,0) -> 6 | U10: 컨트롤 | V10: 12 | W10: 0 | X10: 0 | Y10: =V10+W10+X10 -> 12
A11: 서바이벌 | B11: =VLOOKUP(A11,$U$2:$Y$26,5,0) -> 5 | U11: 리듬게임 | V11: 2 | W11: 0 | X11: 0 | Y11: =V11+W11+X11 -> 2
A12: 밀리기반 | B12: =VLOOKUP(A12,$U$2:$Y$26,5,0) -> 2 | U12: 퍼즐 | V12: 1 | W12: 0 | X12: 0 | Y12: =V12+W12+X12 -> 1
A13: 공포 | B13: =VLOOKUP(A13,$U$2:$Y$26,5,0) -> 2 | U13: 밀리기반 | V13: 2 | W13: 0 | X13: 0 | Y13: =V13+W13+X13 -> 2
... A26: 영상 | B26: =VLOOKUP(A26,$U$2:$Y$26,5,0) -> 0 | U26: 맞히기 | V26: 0 | W26: 0 | X26: 47 | Y26: =V26+W26+X26 -> 47

Sheet 2024.02
A1: 장르 | B1: 개수 | V1: 내가만든유즈맵 | W1: 타인제작유즈맵 | X1: 맞히기 | Y1: 총 개수
A2: 맞히기 | B2: =VLOOKUP(A2,$U$2:$Y$26,5,0) -> 29 | U2: 캠페인 | V2: 2 | W2: 3 | X2: 0 | Y2: =V2+W2+X2 -> 5
A3: 디펜스 | B3: =VLOOKUP(A3,$U$2:$Y$26,5,0) -> 13 | U3: 디펜스 | V3: 13 | W3: 0 | X3: 0 | Y3: =V3+W3+X3 -> 13
A4: 대전 | B4: =VLOOKUP(A4,$U$2:$Y$26,5,0) -> 10 | U4: 대전 | V4: 9 | W4: 1 | X4: 0 | Y4: =V4+W4+X4 -> 10
A5: 컨트롤 | B5: =VLOOKUP(A5,$U$2:$Y$26,5,0) -> 8 | U5: RPG | V5: 2 | W5: 4 | X5: 0 | Y5: =V5+W5+X5 -> 6
A6: 서바이벌 | B6: =VLOOKUP(A6,$U$2:$Y$26,5,0) -> 8 | U6: 블러드 | V6: 1 | W6: 1 | X6: 0 | Y6: =V6+W6+X6 -> 2
A7: 기타 | B7: =VLOOKUP(A7,$U$2:$Y$26,5,0) -> 7 | U7: 미니게임 | V7: 3 | W7: 1 | X7: 0 | Y7: =V7+W7+X7 -> 4
A8: RPG | B8: =VLOOKUP(A8,$U$2:$Y$26,5,0) -> 6 | U8: 컴까기 | V8: 5 | W8: 0 | X8: 0 | Y8: =V8+W8+X8 -> 5
A9: 밀리기반 | B9: =VLOOKUP(A9,$U$2:$Y$26,5,0) -> 6 | U9: 서바이벌 | V9: 8 | W9: 0 | X9: 0 | Y9: =V9+W9+X9 -> 8
A10: 컴까기 | B10: =VLOOKUP(A10,$U$2:$Y$26,5,0) -> 5 | U10: 컨트롤 | V10: 8 | W10: 0 | X10: 0 | Y10: =V10+W10+X10 -> 8
A11: 캠페인 | B11: =VLOOKUP(A11,$U$2:$Y$26,5,0) -> 5 | U11: 리듬게임 | V11: 0 | W11: 0 | X11: 0 | Y11: =V11+W11+X11 -> 0
A12: 미니게임 | B12: =VLOOKUP(A12,$U$2:$Y$26,5,0) -> 4 | U12: 퍼즐 | V12: 1 | W12: 1 | X12: 0 | Y12: =V12+W12+X12 -> 2
A13: 퍼즐 | B13: =VLOOKUP(A13,$U$2:$Y$26,5,0) -> 2 | U13: 밀리기반 | V13: 6 | W13: 0 | X13: 0 | Y13: =V13+W13+X13 -> 6
... A26: 영상 | B26: =VLOOKUP(A26,$U$2:$Y$26,5,0) -> 0 | U26: 맞히기 | V26: 0 | W26: 0 | X26: 29 | Y26: =V26+W26+X26 -> 29

Sheet 2024.03
A1: 장르 | B1: 개수 | V1: 내가만든유즈맵 | W1: 타인제작유즈맵 | X1: 맞히기 | Y1: 총 개수
A2: 맞히기 | B2: =VLOOKUP(A2,$U$2:$Y$26,5,0) -> 57 | U2: 캠페인 | V2: 14 | W2: 0 | X2: 0 | Y2: =V2+W2+X2 -> 14
A3: 대전 | B3: =VLOOKUP(A3,$U$2:$Y$26,5,0) -> 21 | U3: 디펜스 | V3: 13 | W3: 2 | X3: 0 | Y3: =V3+W3+X3 -> 15
A4: 디펜스 | B4: =VLOOKUP(A4,$U$2:$Y$26,5,0) -> 15 | U4: 대전 | V4: 14 | W4: 7 | X4: 0 | Y4: =V4+W4+X4 -> 21
A5: 캠페인 | B5: =VLOOKUP(A5,$U$2:$Y$26,5,0) -> 14 | U5: RPG | V5: 6 | W5: 2 | X5: 0 | Y5: =V5+W5+X5 -> 8
A6: 컴까기 | B6: =VLOOKUP(A6,$U$2:$Y$26,5,0) -> 13 | U6: 블러드 | V6: 1 | W6: 2 | X6: 0 | Y6: =V6+W6+X6 -> 3
A7: 디플로메시 | B7: =VLOOKUP(A7,$U$2:$Y$26,5,0) -> 9 | U7: 미니게임 | V7: 4 | W7: 0 | X7: 0 | Y7: =V7+W7+X7 -> 4
A8: RPG | B8: =VLOOKUP(A8,$U$2:$Y$26,5,0) -> 8 | U8: 컴까기 | V8: 13 | W8: 0 | X8: 0 | Y8: =V8+W8+X8 -> 13
A9: 기타 | B9: =VLOOKUP(A9,$U$2:$Y$26,5,0) -> 6 | U9: 서바이벌 | V9: 3 | W9: 0 | X9: 0 | Y9: =V9+W9+X9 -> 3
A10: 컨트롤 | B10: =VLOOKUP(A10,$U$2:$Y$26,5,0) -> 4 | U10: 컨트롤 | V10: 4 | W10: 0 | X10: 0 | Y10: =V10+W10+X10 -> 4
A11: 미니게임 | B11: =VLOOKUP(A11,$U$2:$Y$26,5,0) -> 4 | U11: 리듬게임 | V11: 0 | W11: 0 | X11: 0 | Y11: =V11+W11+X11 -> 0
A12: 서바이벌 | B12: =VLOOKUP(A12,$U$2:$Y$26,5,0) -> 3 | U12: 퍼즐 | V12: 1 | W12: 0 | X12: 0 | Y12: =V12+W12+X12 -> 1
A13: 블러드 | B13: =VLOOKUP(A13,$U$2:$Y$26,5,0) -> 3 | U13: 밀리기반 | V13: 2 | W13: 0 | X13: 0 | Y13: =V13+W13+X13 -> 2
... A26: 영상 | B26: =VLOOKUP(A26,$U$2:$Y$26,5,0) -> 0 | U26: 맞히기 | V26: 0 | W26: 0 | X26: 57 | Y26: =V26+W26+X26 -> 57

Sheet 2024.04
A1: 장르 | B1: 개수 | V1: 내가만든유즈맵 | W1: 타인제작유즈맵 | X1: 맞히기 | Y1: 총 개수
A2: 맞히기 | B2: =VLOOKUP(A2,$U$2:$Y$26,5,0) -> 41 | U2: 캠페인 | V2: 5 | W2: 1 | Y2: =V2+W2+X2 -> 6
A3: 디펜스 | B3: =VLOOKUP(A3,$U$2:$Y$26,5,0) -> 20 | U3: 디펜스 | V3: 16 | W3: 4 | Y3: =V3+W3+X3 -> 20
A4: RPG | B4: =VLOOKUP(A4,$U$2:$Y$26,5,0) -> 12 | U4: 대전 | V4: 5 | W4: 3 | Y4: =V4+W4+X4 -> 8
A5: 컴까기 | B5: =VLOOKUP(A5,$U$2:$Y$26,5,0) -> 11 | U5: RPG | V5: 8 | W5: 4 | Y5: =V5+W5+X5 -> 12
A6: 대전 | B6: =VLOOKUP(A6,$U$2:$Y$26,5,0) -> 8 | U6: 블러드 | V6: 4 | W6: 2 | Y6: =V6+W6+X6 -> 6
A7: 기타 | B7: =VLOOKUP(A7,$U$2:$Y$26,5,0) -> 7 | U7: 미니게임 | V7: 5 | W7: 2 | Y7: =V7+W7+X7 -> 7
A8: 미니게임 | B8: =VLOOKUP(A8,$U$2:$Y$26,5,0) -> 7 | U8: 컴까기 | V8: 11 | W8: 0 | Y8: =V8+W8+X8 -> 11
A9: 캠페인 | B9: =VLOOKUP(A9,$U$2:$Y$26,5,0) -> 6 | U9: 서바이벌 | V9: 2 | W9: 0 | Y9: =V9+W9+X9 -> 2
A10: 블러드 | B10: =VLOOKUP(A10,$U$2:$Y$26,5,0) -> 6 | U10: 컨트롤 | V10: 4 | W10: 0 | Y10: =V10+W10+X10 -> 4
A11: 컨트롤 | B11: =VLOOKUP(A11,$U$2:$Y$26,5,0) -> 4 | U11: 리듬게임 | V11: 1 | W11: 0 | Y11: =V11+W11+X11 -> 1
A12: 디플로메시 | B12: =VLOOKUP(A12,$U$2:$Y$26,5,0) -> 3 | U12: 퍼즐 | V12: 2 | W12: 0 | Y12: =V12+W12+X12 -> 2
A13: 키우기 | B13: =VLOOKUP(A13,$U$2:$Y$26,5,0) -> 3 | U13: 밀리기반 | V13: 1 | W13: 0 | Y13: =V13+W13+X13 -> 1
... A25: 병맛 | B25: =VLOOKUP(A25,$U$2:$Y$26,5,0) -> 0 | U25: AOS | V25: 0 | W25: 0 | Y25: =V25+W25+X25 -> 0
A26: 영상 | B26: =VLOOKUP(A26,$U$2:$Y$26,5,0) -> 0 | U26: 맞히기 | V26: 0 | W26: 0 | X26: 41 | Y26: =V26+W26+X26 -> 41

Sheet 2024.05
A1: 장르 | B1: 개수 | V1: 내가만든유즈맵 | W1: 타인제작유즈맵 | X1: 맞히기 | Y1: 총 개수
A2: 맞히기 | B2: =VLOOKUP(A2,$U$2:$Y$27,5,0) -> 49 | U2: 캠페인 | V2: 0 | W2: 8 | Y2: =V2+W2+X2 -> 8
A3: 디펜스 | B3: =VLOOKUP(A3,$U$2:$Y$27,5,0) -> 21 | U3: 디펜스 | V3: 19 | W3: 2 | Y3: =V3+W3+X3 -> 21
A4: 컴까기 | B4: =VLOOKUP(A4,$U$2:$Y$27,5,0) -> 14 | U4: 대전 | V4: 12 | W4: 1 | Y4: =V4+W4+X4 -> 13
A5: 대전 | B5: =VLOOKUP(A5,$U$2:$Y$27,5,0) -> 13 | U5: RPG | V5: 8 | W5: 2 | Y5: =V5+W5+X5 -> 10
A6: RPG | B6: =VLOOKUP(A6,$U$2:$Y$27,5,0) -> 10 | U6: 블러드 | V6: 4 | W6: 0 | Y6: =V6+W6+X6 -> 4
A7: 미니게임 | B7: =VLOOKUP(A7,$U$2:$Y$27,5,0) -> 9 | U7: 미니게임 | V7: 9 | W7: 0 | Y7: =V7+W7+X7 -> 9
A8: 캠페인 | B8: =VLOOKUP(A8,$U$2:$Y$27,5,0) -> 8 | U8: 컴까기 | V8: 14 | W8: 0 | Y8: =V8+W8+X8 -> 14
A9: 컨트롤 | B9: =VLOOKUP(A9,$U$2:$Y$27,5,0) -> 7 | U9: 서바이벌 | V9: 2 | W9: 0 | Y9: =V9+W9+X9 -> 2
A10: 공포 | B10: =VLOOKUP(A10,$U$2:$Y$27,5,0) -> 5 | U10: 컨트롤 | V10: 7 | W10: 0 | Y10: =V10+W10+X10 -> 7
A11: 블러드 | B11: =VLOOKUP(A11,$U$2:$Y$27,5,0) -> 4 | U11: 리듬게임 | V11: 1 | W11: 0 | Y11: =V11+W11+X11 -> 1
A12: 디플로메시 | B12: =VLOOKUP(A12,$U$2:$Y$27,5,0) -> 4 | U12: 퍼즐 | V12: 2 | W12: 0 | Y12: =V12+W12+X12 -> 2
A13: 어드벤처 | B13: =VLOOKUP(A13,$U$2:$Y$27,5,0) -> 4 | U13: 밀리기반 | V13: 0 | W13: 0 | Y13: =V13+W13+X13 -> 0
... A26: 병맛 | B26: =VLOOKUP(A26,$U$2:$Y$27,5,0) -> 0 | U26: 호환요청 | V26: 0 | W26: 2 | Y26: =V26+W26+X26 -> 2
A27: 영상 | B27: =VLOOKUP(A27,$U$2:$Y$27,5,0) -> 0 | U27: 맞히기 | V27: 0 | W27: 0 | X27: 49 | Y27: =V27+W27+X27 -> 49

Sheet 2024.06
A1: 장르 | B1: 개수 | V1: 내가만든유즈맵 | W1: 타인제작유즈맵 | X1: 맞히기 | Y1: 총 개수
A2: 맞히기 | B2: =VLOOKUP(A2,$U$2:$Y$27,5,0) -> 41 | U2: 캠페인 | V2: 4 | W2: 0 | Y2: =V2+W2+X2 -> 4
A3: 컴까기 | B3: =VLOOKUP(A3,$U$2:$Y$27,5,0) -> 25 | U3: 디펜스 | V3: 7 | W3: 1 | Y3: =V3+W3+X3 -> 8
A4: 컨트롤 | B4: =VLOOKUP(A4,$U$2:$Y$27,5,0) -> 14 | U4: 대전 | V4: 12 | W4: 1 | Y4: =V4+W4+X4 -> 13
A5: 대전 | B5: =VLOOKUP(A5,$U$2:$Y$27,5,0) -> 13 | U5: RPG | V5: 11 | W5: 2 | Y5: =V5+W5+X5 -> 13
A6: RPG | B6: =VLOOKUP(A6,$U$2:$Y$27,5,0) -> 13 | U6: 블러드 | V6: 5 | W6: 1 | Y6: =V6+W6+X6 -> 6
A7: 디펜스 | B7: =VLOOKUP(A7,$U$2:$Y$27,5,0) -> 8 | U7: 미니게임 | V7: 6 | W7: 0 | Y7: =V7+W7+X7 -> 6
A8: 미니게임 | B8: =VLOOKUP(A8,$U$2:$Y$27,5,0) -> 6 | U8: 컴까기 | V8: 23 | W8: 2 | Y8: =V8+W8+X8 -> 25
A9: 블러드 | B9: =VLOOKUP(A9,$U$2:$Y$27,5,0) -> 6 | U9: 서바이벌 | V9: 1 | W9: 0 | Y9: =V9+W9+X9 -> 1
A10: 디플로메시 | B10: =VLOOKUP(A10,$U$2:$Y$27,5,0) -> 5 | U10: 컨트롤 | V10: 13 | W10: 1 | Y10: =V10+W10+X10 -> 14
A11: 기타 | B11: =VLOOKUP(A11,$U$2:$Y$27,5,0) -> 5 | U11: 리듬게임 | V11: 0 | W11: 0 | Y11: =V11+W11+X11 -> 0
A12: 캠페인 | B12: =VLOOKUP(A12,$U$2:$Y$27,5,0) -> 4 | U12: 퍼즐 | V12: 1 | W12: 0 | Y12: =V12+W12+X12 -> 1
A13: 어드벤처 | B13: =VLOOKUP(A13,$U$2:$Y$27,5,0) -> 3 | U13: 밀리기반 | V13: 2 | W13: 0 | Y13: =V13+W13+X13 -> 2
... A26: 병맛 | B26: =VLOOKUP(A26,$U$2:$Y$27,5,0) -> 0 | U26: 호환요청 | V26: 0 | W26: 2 | Y26: =V26+W26+X26 -> 2
A27: 영상 | B27: =VLOOKUP(A27,$U$2:$Y$27,5,0) -> 0 | U27: 맞히기 | V27: 0 | W27: 0 | X27: 41 | Y27: =V27+W27+X27 -> 41

Sheet 2024.07
A1: 장르 | B1: 개수 | V1: 내가만든유즈맵 | W1: 타인제작유즈맵 | X1: 맞히기 | Y1: 총 개수
A2: 맞히기 | B2: =VLOOKUP(A2,$U$2:$Y$27,5,0) -> 48 | U2: 캠페인 | V2: 9 | W2: 0 | Y2: =V2+W2+X2 -> 9
A3: 컴까기 | B3: =VLOOKUP(A3,$U$2:$Y$27,5,0) -> 20 | U3: 디펜스 | V3: 6 | W3: 0 | Y3: =V3+W3+X3 -> 6
A4: 대전 | B4: =VLOOKUP(A4,$U$2:$Y$27,5,0) -> 14 | U4: 대전 | V4: 11 | W4: 3 | Y4: =V4+W4+X4 -> 14
A5: 키우기 | B5: =VLOOKUP(A5,$U$2:$Y$27,5,0) -> 10 | U5: RPG | V5: 4 | W5: 2 | Y5: =V5+W5+X5 -> 6
A6: 캠페인 | B6: =VLOOKUP(A6,$U$2:$Y$27,5,0) -> 9 | U6: 블러드 | V6: 2 | W6: 1 | Y6: =V6+W6+X6 -> 3
A7: 컨트롤 | B7: =VLOOKUP(A7,$U$2:$Y$27,5,0) -> 8 | U7: 미니게임 | V7: 6 | W7: 0 | Y7: =V7+W7+X7 -> 6
A8: RPG | B8: =VLOOKUP(A8,$U$2:$Y$27,5,0) -> 6 | U8: 컴까기 | V8: 20 | W8: 0 | Y8: =V8+W8+X8 -> 20
A9: 디펜스 | B9: =VLOOKUP(A9,$U$2:$Y$27,5,0) -> 6 | U9: 서바이벌 | V9: 2 | W9: 0 | Y9: =V9+W9+X9 -> 2
A10: 미니게임 | B10: =VLOOKUP(A10,$U$2:$Y$27,5,0) -> 6 | U10: 컨트롤 | V10: 7 | W10: 1 | Y10: =V10+W10+X10 -> 8
A11: 디플로메시 | B11: =VLOOKUP(A11,$U$2:$Y$27,5,0) -> 6 | U11: 리듬게임 | V11: 0 | W11: 0 | Y11: =V11+W11+X11 -> 0
A12: 어드벤처 | B12: =VLOOKUP(A12,$U$2:$Y$27,5,0) -> 6 | U12: 퍼즐 | V12: 0 | W12: 0 | Y12: =V12+W12+X12 -> 0
A13: 호환요청 | B13: =VLOOKUP(A13,$U$2:$Y$27,5,0) -> 4 | U13: 밀리기반 | V13: 0 | W13: 0 | Y13: =V13+W13+X13 -> 0
... A26: 병맛 | B26: =VLOOKUP(A26,$U$2:$Y$27,5,0) -> 0 | U26: 호환요청 | V26: 0 | W26: 4 | Y26: =V26+W26+X26 -> 4
A27: 영상 | B27: =VLOOKUP(A27,$U$2:$Y$27,5,0) -> 0 | U27: 맞히기 | V27: 0 | W27: 0 | X27: 48 | Y27: =V27+W27+X27 -> 48

Sheet 2024.08
A1: 장르 | B1: 개수 | V1: 내가만든유즈맵 | W1: 타인제작유즈맵 | X1: 맞히기 | Y1: 총 개수
A2: 맞히기 | B2: =VLOOKUP(A2,$U$2:$Y$28,5,0) -> 61 | U2: 캠페인 | V2: 8 | W2: 0 | Y2: =V2+W2+X2 -> 8
A3: 대전 | B3: =VLOOKUP(A3,$U$2:$Y$28,5,0) -> 15 | U3: 디펜스 | V3: 9 | W3: 1 | Y3: =V3+W3+X3 -> 10
A4: 컴까기 | B4: =VLOOKUP(A4,$U$2:$Y$28,5,0) -> 13 | U4: 대전 | V4: 9 | W4: 6 | Y4: =V4+W4+X4 -> 15
A5: 키우기 | B5: =VLOOKUP(A5,$U$2:$Y$28,5,0) -> 10 | U5: RPG | V5: 4 | W5: 5 | Y5: =V5+W5+X5 -> 9
A6: 디펜스 | B6: =VLOOKUP(A6,$U$2:$Y$28,5,0) -> 10 | U6: 블러드 | V6: 3 | W6: 0 | Y6: =V6+W6+X6 -> 3
A7: RPG | B7: =VLOOKUP(A7,$U$2:$Y$28,5,0) -> 9 | U7: 미니게임 | V7: 6 | W7: 0 | Y7: =V7+W7+X7 -> 6
A8: 호환요청 | B8: =VLOOKUP(A8,$U$2:$Y$28,5,0) -> 9 | U8: 컴까기 | V8: 13 | W8: 0 | Y8: =V8+W8+X8 -> 13
A9: 캠페인 | B9: =VLOOKUP(A9,$U$2:$Y$28,5,0) -> 8 | U9: 서바이벌 | V9: 5 | W9: 1 | Y9: =V9+W9+X9 -> 6
A10: 미니게임 | B10: =VLOOKUP(A10,$U$2:$Y$28,5,0) -> 6 | U10: 컨트롤 | V10: 3 | W10: 2 | Y10: =V10+W10+X10 -> 5
A11: 디플로메시 | B11: =VLOOKUP(A11,$U$2:$Y$28,5,0) -> 6 | U11: 리듬게임 | V11: 1 | W11: 0 | Y11: =V11+W11+X11 -> 1
A12: 서바이벌 | B12: =VLOOKUP(A12,$U$2:$Y$28,5,0) -> 6 | U12: 퍼즐 | V12: 2 | W12: 0 | Y12: =V12+W12+X12 -> 2
A13: 컨트롤 | B13: =VLOOKUP(A13,$U$2:$Y$28,5,0) -> 5 | U13: 밀리기반 | V13: 1 | W13: 0 | Y13: =V13+W13+X13 -> 1
... A25: 추리 | B25: =VLOOKUP(A25,$U$2:$Y$28,5,0) -> 0 | U25: AOS | V25: 0 | W25: 0 | Y25: =V25+W25+X25 -> 0
A26: 슈팅 | B26: =VLOOKUP(A26,$U$2:$Y$28,5,0) -> 0 | U26: 호환요청 | W26: 9 | Y26: =V26+W26+X26 -> 9
A27: AOS | B27: =VLOOKUP(A27,$U$2:$Y$28,5,0) -> 0 | U27: 레이싱 | V27: 0 | W27: 0 | Y27: =V27+W27+X27 -> 0
A28: 레이싱 | B28: =VLOOKUP(A28,$U$2:$Y$28,5,0) -> 0 | U28: 맞히기 | W28: 61 | Y28: =V28+W28+X28 -> 61

Sheet 2024.09
A1: 장르 | B1: 개수 | V1: 내가만든유즈맵 | W1: 타인제작유즈맵 | X1: 맞히기 | Y1: 총 개수
A2: 맞히기 | B2: =VLOOKUP(A2,$U$2:$Y$28,5,0) -> 58 | U2: 캠페인 | V2: 7 | W2: 0 | Y2: =V2+W2+X2 -> 7
A3: 디펜스 | B3: =VLOOKUP(A3,$U$2:$Y$28,5,0) -> 20 | U3: 디펜스 | V3: 20 | W3: 0 | Y3: =V3+W3+X3 -> 20
A4: 컴까기 | B4: =VLOOKUP(A4,$U$2:$Y$28,5,0) -> 13 | U4: 대전 | V4: 6 | W4: 6 | Y4: =V4+W4+X4 -> 12
A5: 대전 | B5: =VLOOKUP(A5,$U$2:$Y$28,5,0) -> 12 | U5: RPG | V5: 3 | W5: 0 | Y5: =V5+W5+X5 -> 3
A6: 캠페인 | B6: =VLOOKUP(A6,$U$2:$Y$28,5,0) -> 7 | U6: 블러드 | V6: 0 | W6: 2 | Y6: =V6+W6+X6 -> 2
A7: 컨트롤 | B7: =VLOOKUP(A7,$U$2:$Y$28,5,0) -> 7 | U7: 미니게임 | V7: 3 | W7: 1 | Y7: =V7+W7+X7 -> 4
A8: 키우기 | B8: =VLOOKUP(A8,$U$2:$Y$28,5,0) -> 6 | U8: 컴까기 | V8: 9 | W8: 4 | Y8: =V8+W8+X8 -> 13
A9: 디플로메시 | B9: =VLOOKUP(A9,$U$2:$Y$28,5,0) -> 5 | U9: 서바이벌 | V9: 4 | W9: 0 | Y9: =V9+W9+X9 -> 4
A10: 호환요청 | B10: =VLOOKUP(A10,$U$2:$Y$28,5,0) -> 4 | U10: 컨트롤 | V10: 7 | W10: 0 | Y10: =V10+W10+X10 -> 7
A11: 미니게임 | B11: =VLOOKUP(A11,$U$2:$Y$28,5,0) -> 4 | U11: 리듬게임 | V11: 1 | W11: 0 | Y11: =V11+W11+X11 -> 1
A12: 서바이벌 | B12: =VLOOKUP(A12,$U$2:$Y$28,5,0) -> 4 | U12: 퍼즐 | V12: 1 | W12: 0 | Y12: =V12+W12+X12 -> 1
A13: RPG | B13: =VLOOKUP(A13,$U$2:$Y$28,5,0) -> 3 | U13: 밀리기반 | V13: 3 | W13: 0 | Y13: =V13+W13+X13 -> 3
... A27: AOS | B27: =VLOOKUP(A27,$U$2:$Y$28,5,0) -> 0 | U27: 레이싱 | V27: 0 | W27: 0 | Y27: =V27+W27+X27 -> 0
A28: 레이싱 | B28: =VLOOKUP(A28,$U$2:$Y$28,5,0) -> 0 | U28: 맞히기 | V28: 0 | W28: 0 | X28: 58 | Y28: =V28+W28+X28 -> 58

Sheet 2024.10
A1: 장르 | B1: 개수 | V1: 내가만든유즈맵 | W1: 타인제작유즈맵 | X1: 맞히기 | Y1: 총 개수
A2: 맞히기 | B2: =VLOOKUP(A2,$U$2:$Y$28,5,0) -> 60 | U2: 캠페인 | V2: 6 | W2: 1 | Y2: =V2+W2+X2 -> 7
A3: 컴까기 | B3: =VLOOKUP(A3,$U$2:$Y$28,5,0) -> 15 | U3: 디펜스 | V3: 9 | W3: 2 | Y3: =V3+W3+X3 -> 11
A4: 대전 | B4: =VLOOKUP(A4,$U$2:$Y$28,5,0) -> 14 | U4: 대전 | V4: 11 | W4: 3 | Y4: =V4+W4+X4 -> 14
A5: 디펜스 | B5: =VLOOKUP(A5,$U$2:$Y$28,5,0) -> 11 | U5: RPG | V5: 2 | W5: 0 | Y5: =V5+W5+X5 -> 2
A6: 캠페인 | B6: =VLOOKUP(A6,$U$2:$Y$28,5,0) -> 7 | U6: 블러드 | V6: 1 | W6: 0 | Y6: =V6+W6+X6 -> 1
A7: 디플로메시 | B7: =VLOOKUP(A7,$U$2:$Y$28,5,0) -> 5 | U7: 미니게임 | V7: 1 | W7: 0 | Y7: =V7+W7+X7 -> 1
A8: 호환요청 | B8: =VLOOKUP(A8,$U$2:$Y$28,5,0) -> 4 | U8: 컴까기 | V8: 13 | W8: 2 | Y8: =V8+W8+X8 -> 15
A9: 컨트롤 | B9: =VLOOKUP(A9,$U$2:$Y$28,5,0) -> 3 | U9: 서바이벌 | V9: 2 | W9: 0 | Y9: =V9+W9+X9 -> 2
A10: 키우기 | B10: =VLOOKUP(A10,$U$2:$Y$28,5,0) -> 3 | U10: 컨트롤 | V10: 3 | W10: 0 | Y10: =V10+W10+X10 -> 3
A11: 서바이벌 | B11: =VLOOKUP(A11,$U$2:$Y$28,5,0) -> 2 | U11: 리듬게임 | V11: 1 | W11: 0 | Y11: =V11+W11+X11 -> 1
A12: RPG | B12: =VLOOKUP(A12,$U$2:$Y$28,5,0) -> 2 | U12: 퍼즐 | V12: 0 | W12: 0 | Y12: =V12+W12+X12 -> 0
A13: 오펜스 | B13: =VLOOKUP(A13,$U$2:$Y$28,5,0) -> 2 | U13: 밀리기반 | V13: 1 | W13: 0 | Y13: =V13+W13+X13 -> 1
... A27: AOS | B27: =VLOOKUP(A27,$U$2:$Y$28,5,0) -> 0 | U27: 레이싱 | V27: 0 | W27: 0 | Y27: =V27+W27+X27 -> 0
A28: 레이싱 | B28: =VLOOKUP(A28,$U$2:$Y$28,5,0) -> 0 | U28: 맞히기 | V28: 0 | W28: 0 | X28: 60 | Y28: =V28+W28+X28 -> 60

Sheet 2024.11
A1: 장르 | B1: 개수 | V1: 내가만든유즈맵 | W1: 타인제작유즈맵 | X1: 맞히기 | Y1: 총 개수
A2: 맞히기 | B2: =VLOOKUP(A2,$U$2:$Y$28,5,0) -> 52 | U2: 캠페인 | V2: 3 | W2: 3 | Y2: =V2+W2+X2 -> 6
A3: 대전 | B3: =VLOOKUP(A3,$U$2:$Y$28,5,0) -> 16 | U3: 디펜스 | V3: 14 | W3: 1 | Y3: =V3+W3+X3 -> 15
A4: 디펜스 | B4: =VLOOKUP(A4,$U$2:$Y$28,5,0) -> 15 | U4: 대전 | V4: 9 | W4: 7 | Y4: =V4+W4+X4 -> 16
A5: 컴까기 | B5: =VLOOKUP(A5,$U$2:$Y$28,5,0) -> 9 | U5: RPG | V5: 3 | W5: 0 | Y5: =V5+W5+X5 -> 3
A6: 호환요청 | B6: =VLOOKUP(A6,$U$2:$Y$28,5,0) -> 8 | U6: 블러드 | V6: 3 | W6: 0 | Y6: =V6+W6+X6 -> 3
A7: 캠페인 | B7: =VLOOKUP(A7,$U$2:$Y$28,5,0) -> 6 | U7: 미니게임 | V7: 1 | W7: 0 | Y7: =V7+W7+X7 -> 1
A8: 키우기 | B8: =VLOOKUP(A8,$U$2:$Y$28,5,0) -> 6 | U8: 컴까기 | V8: 8 | W8: 1 | Y8: =V8+W8+X8 -> 9
A9: 서바이벌 | B9: =VLOOKUP(A9,$U$2:$Y$28,5,0) -> 6 | U9: 서바이벌 | V9: 6 | W9: 0 | Y9: =V9+W9+X9 -> 6
A10: 컨트롤 | B10: =VLOOKUP(A10,$U$2:$Y$28,5,0) -> 3 | U10: 컨트롤 | V10: 3 | W10: 0 | Y10: =V10+W10+X10 -> 3
A11: RPG | B11: =VLOOKUP(A11,$U$2:$Y$28,5,0) -> 3 | U11: 리듬게임 | V11: 1 | W11: 0 | Y11: =V11+W11+X11 -> 1
A12: 블러드 | B12: =VLOOKUP(A12,$U$2:$Y$28,5,0) -> 3 | U12: 퍼즐 | V12: 0 | W12: 0 | Y12: =V12+W12+X12 -> 0
A13: 디플로메시 | B13: =VLOOKUP(A13,$U$2:$Y$28,5,0) -> 2 | U13: 밀리기반 | V13: 0 | W13: 0 | Y13: =V13+W13+X13 -> 0
... A27: AOS | B27: =VLOOKUP(A27,$U$2:$Y$28,5,0) -> 0 | U27: 레이싱 | V27: 0 | W27: 0 | Y27: =V27+W27+X27 -> 0
A28: 레이싱 | B28: =VLOOKUP(A28,$U$2:$Y$28,5,0) -> 0 | U28: 맞히기 | V28: 0 | W28: 0 | X28: 52 | Y28: =V28+W28+X28 -> 52

Sheet 2024.12
A1: 장르 | B1: 개수 | V1: 내가만든유즈맵 | W1: 타인제작유즈맵 | X1: 맞히기 | Y1: 총 개수
A2: 맞히기 | B2: =VLOOKUP(A2,$U$2:$Y$28,5,0) -> 37 | U2: 캠페인 | V2: 4 | W2: 1 | Y2: =V2+W2+X2 -> 5
A3: 컴까기 | B3: =VLOOKUP(A3,$U$2:$Y$28,5,0) -> 19 | U3: 디펜스 | V3: 11 | W3: 3 | Y3: =V3+W3+X3 -> 14
A4: 디펜스 | B4: =VLOOKUP(A4,$U$2:$Y$28,5,0) -> 14 | U4: 대전 | V4: 6 | W4: 2 | Y4: =V4+W4+X4 -> 8
A5: 대전 | B5: =VLOOKUP(A5,$U$2:$Y$28,5,0) -> 8 | U5: RPG | V5: 4 | W5: 2 | Y5: =V5+W5+X5 -> 6
A6: RPG | B6: =VLOOKUP(A6,$U$2:$Y$28,5,0) -> 6 | U6: 블러드 | V6: 2 | W6: 0 | Y6: =V6+W6+X6 -> 2
A7: 캠페인 | B7: =VLOOKUP(A7,$U$2:$Y$28,5,0) -> 5 | U7: 미니게임 | V7: 2 | W7: 0 | Y7: =V7+W7+X7 -> 2
A8: 서바이벌 | B8: =VLOOKUP(A8,$U$2:$Y$28,5,0) -> 4 | U8: 컴까기 | V8: 18 | W8: 1 | Y8: =V8+W8+X8 -> 19
A9: 어드벤처 | B9: =VLOOKUP(A9,$U$2:$Y$28,5,0) -> 3 | U9: 서바이벌 | V9: 4 | W9: 0 | Y9: =V9+W9+X9 -> 4
A10: 호환요청 | B10: =VLOOKUP(A10,$U$2:$Y$28,5,0) -> 2 | U10: 컨트롤 | V10: 1 | W10: 0 | Y10: =V10+W10+X10 -> 1
A11: 블러드 | B11: =VLOOKUP(A11,$U$2:$Y$28,5,0) -> 2 | U11: 리듬게임 | V11: 0 | W11: 0 | Y11: =V11+W11+X11 -> 0
A12: 공포 | B12: =VLOOKUP(A12,$U$2:$Y$28,5,0) -> 2 | U12: 퍼즐 | V12: 1 | W12: 0 | Y12: =V12+W12+X12 -> 1
A13: 미니게임 | B13: =VLOOKUP(A13,$U$2:$Y$28,5,0) -> 2 | U13: 밀리기반 | V13: 1 | W13: 0 | Y13: =V13+W13+X13 -> 1
... A27: AOS | B27: =VLOOKUP(A27,$U$2:$Y$28,5,0) -> 0 | U27: 레이싱 | V27: 0 | W27: 0 | Y27: =V27+W27+X27 -> 0
A28: 레이싱 | B28: =VLOOKUP(A28,$U$2:$Y$28,5,0) -> 0 | U28: 맞히기 | V28: 0 | W28: 0 | X28: 37 | Y28: =V28+W28+X28 -> 37

Sheet 2025.01
A1: 장르 | B1: 개수 | R1: 내가만든유즈맵 | S1: 타인제작유즈맵 | T1: 맞히기 | U1: 총 개수
A2: 맞히기 | B2: =VLOOKUP(A2,$Q$2:$U$28,5,0) -> 50 | Q2: 캠페인 | R2: 1 | S2: 1 | U2: =R2+S2+T2 -> 2
A3: 디펜스 | B3: =VLOOKUP(A3,$Q$2:$U$28,5,0) -> 13 | Q3: 디펜스 | R3: 13 | S3: 0 | U3: =R3+S3+T3 -> 13
A4: 컴까기 | B4: =VLOOKUP(A4,$Q$2:$U$28,5,0) -> 12 | Q4: 대전 | R4: 9 | S4: 1 | U4: =R4+S4+T4 -> 10
A5: 대전 | B5: =VLOOKUP(A5,$Q$2:$U$28,5,0) -> 10 | Q5: RPG | R5: 2 | S5: 1 | U5: =R5+S5+T5 -> 3
A6: 호환요청 | B6: =VLOOKUP(A6,$Q$2:$U$28,5,0) -> 6 | Q6: 블러드 | R6: 1 | S6: 0 | U6: =R6+S6+T6 -> 1
A7: 기타 | B7: =VLOOKUP(A7,$Q$2:$U$28,5,0) -> 6 | Q7: 미니게임 | R7: 0 | S7: 0 | U7: =R7+S7+T7 -> 0
A8: 서바이벌 | B8: =VLOOKUP(A8,$Q$2:$U$28,5,0) -> 4 | Q8: 컴까기 | R8: 12 | S8: 0 | U8: =R8+S8+T8 -> 12
A9: RPG | B9: =VLOOKUP(A9,$Q$2:$U$28,5,0) -> 3 | Q9: 서바이벌 | R9: 4 | S9: 0 | U9: =R9+S9+T9 -> 4
A10: 어드벤처 | B10: =VLOOKUP(A10,$Q$2:$U$28,5,0) -> 3 | Q10: 컨트롤 | R10: 1 | S10: 0 | U10: =R10+S10+T10 -> 1
A11: 캠페인 | B11: =VLOOKUP(A11,$Q$2:$U$28,5,0) -> 2 | Q11: 리듬게임 | R11: 0 | S11: 0 | U11: =R11+S11+T11 -> 0
A12: 공포 | B12: =VLOOKUP(A12,$Q$2:$U$28,5,0) -> 2 | Q12: 퍼즐 | R12: 2 | S12: 0 | U12: =R12+S12+T12 -> 2
A13: 밀리기반 | B13: =VLOOKUP(A13,$Q$2:$U$28,5,0) -> 2 | Q13: 밀리기반 | R13: 2 | S13: 0 | U13: =R13+S13+T13 -> 2
... A27: 병맛 | B27: =VLOOKUP(A27,$Q$2:$U$28,5,0) -> 0 | Q27: 레이싱 | R27: 0 | S27: 0 | U27: =R27+S27+T27 -> 0
A28: 레이싱 | B28: =VLOOKUP(A28,$Q$2:$U$28,5,0) -> 0 | Q28: 맞히기 | R28: 0 | S28: 0 | T28: 50 | U28: =R28+S28+T28 -> 50

Sheet 2025.02
A1: 장르 | B1: 개수 | R1: 내가만든유즈맵 | S1: 타인제작유즈맵 | T1: 맞히기 | U1: 총 개수
A2: 맞히기 | B2: =VLOOKUP(A2,$Q$2:$U$28,5,0) -> 52 | Q2: 캠페인 | R2: 12 | S2: 1 | U2: =R2+S2+T2 -> 13
A3: 디펜스 | B3: =VLOOKUP(A3,$Q$2:$U$28,5,0) -> 15 | Q3: 디펜스 | R3: 15 | S3: 0 | U3: =R3+S3+T3 -> 15
A4: 캠페인 | B4: =VLOOKUP(A4,$Q$2:$U$28,5,0) -> 13 | Q4: 대전 | R4: 10 | S4: 2 | U4: =R4+S4+T4 -> 12
A5: 대전 | B5: =VLOOKUP(A5,$Q$2:$U$28,5,0) -> 12 | Q5: RPG | R5: 4 | S5: 0 | U5: =R5+S5+T5 -> 4
A6: 서바이벌 | B6: =VLOOKUP(A6,$Q$2:$U$28,5,0) -> 11 | Q6: 블러드 | R6: 0 | S6: 0 | U6: =R6+S6+T6 -> 0
A7: 컴까기 | B7: =VLOOKUP(A7,$Q$2:$U$28,5,0) -> 9 | Q7: 미니게임 | R7: 3 | S7: 0 | U7: =R7+S7+T7 -> 3
A8: 키우기 | B8: =VLOOKUP(A8,$Q$2:$U$28,5,0) -> 5 | Q8: 컴까기 | R8: 9 | S8: 0 | U8: =R8+S8+T8 -> 9
A9: RPG | B9: =VLOOKUP(A9,$Q$2:$U$28,5,0) -> 4 | Q9: 서바이벌 | R9: 10 | S9: 1 | U9: =R9+S9+T9 -> 11
A10: 밀리기반 | B10: =VLOOKUP(A10,$Q$2:$U$28,5,0) -> 3 | Q10: 컨트롤 | R10: 1 | S10: 0 | U10: =R10+S10+T10 -> 1
A11: 미니게임 | B11: =VLOOKUP(A11,$Q$2:$U$28,5,0) -> 3 | Q11: 리듬게임 | R11: 0 | S11: 0 | U11: =R11+S11+T11 -> 0
A12: 호환요청 | B12: =VLOOKUP(A12,$Q$2:$U$28,5,0) -> 2 | Q12: 퍼즐 | R12: 2 | S12: 0 | U12: =R12+S12+T12 -> 2
A13: 기타 | B13: =VLOOKUP(A13,$Q$2:$U$28,5,0) -> 2 | Q13: 밀리기반 | R13: 3 | S13: 0 | U13: =R13+S13+T13 -> 3
... A27: 추리 | B27: =VLOOKUP(A27,$Q$2:$U$28,5,0) -> 0 | Q27: 레이싱 | R27: 1 | S27: 0 | U27: =R27+S27+T27 -> 1
A28: 병맛 | B28: =VLOOKUP(A28,$Q$2:$U$28,5,0) -> 0 | Q28: 맞히기 | T28: 52 | U28: =R28+S28+T28 -> 52

Sheet 2025.03
A1: 장르 | B1: 개수 | R1: 내가만든유즈맵 | S1: 타인제작유즈맵 | T1: 맞히기 | U1: 총 개수
A2: 맞히기 | B2: =VLOOKUP(A2,$Q$2:$U$28,5,0) -> 61 | Q2: 캠페인 | R2: 5 | S2: 2 | U2: =R2+S2+T2 -> 7
A3: 디펜스 | B3: =VLOOKUP(A3,$Q$2:$U$28,5,0) -> 20 | Q3: 디펜스 | R3: 20 | S3: 0 | U3: =R3+S3+T3 -> 20
A4: 대전 | B4: =VLOOKUP(A4,$Q$2:$U$28,5,0) -> 19 | Q4: 대전 | R4: 13 | S4: 6 | U4: =R4+S4+T4 -> 19
A5: 컴까기 | B5: =VLOOKUP(A5,$Q$2:$U$28,5,0) -> 11 | Q5: RPG | R5: 6 | S5: 2 | U5: =R5+S5+T5 -> 8
A6: RPG | B6: =VLOOKUP(A6,$Q$2:$U$28,5,0) -> 8 | Q6: 블러드 | R6: 1 | S6: 1 | U6: =R6+S6+T6 -> 2
A7: 캠페인 | B7: =VLOOKUP(A7,$Q$2:$U$28,5,0) -> 7 | Q7: 미니게임 | R7: 2 | S7: 0 | U7: =R7+S7+T7 -> 2
A8: 서바이벌 | B8: =VLOOKUP(A8,$Q$2:$U$28,5,0) -> 7 | Q8: 컴까기 | R8: 11 | S8: 0 | U8: =R8+S8+T8 -> 11
A9: 키우기 | B9: =VLOOKUP(A9,$Q$2:$U$28,5,0) -> 4 | Q9: 서바이벌 | R9: 7 | S9: 0 | U9: =R9+S9+T9 -> 7
A10: 호환요청 | B10: =VLOOKUP(A10,$Q$2:$U$28,5,0) -> 4 | Q10: 컨트롤 | R10: 1 | S10: 0 | U10: =R10+S10+T10 -> 1
A11: 퍼즐 | B11: =VLOOKUP(A11,$Q$2:$U$28,5,0) -> 3 | Q11: 리듬게임 | R11: 0 | S11: 0 | U11: =R11+S11+T11 -> 0
A12: 어드벤처 | B12: =VLOOKUP(A12,$Q$2:$U$28,5,0) -> 3 | Q12: 퍼즐 | R12: 3 | S12: 0 | U12: =R12+S12+T12 -> 3
A13: 밀리기반 | B13: =VLOOKUP(A13,$Q$2:$U$28,5,0) -> 2 | Q13: 밀리기반 | R13: 2 | S13: 0 | U13: =R13+S13+T13 -> 2
... A27: 추리 | B27: =VLOOKUP(A27,$Q$2:$U$28,5,0) -> 0 | Q27: 레이싱 | R27: 0 | S27: 0 | U27: =R27+S27+T27 -> 0
A28: 병맛 | B28: =VLOOKUP(A28,$Q$2:$U$28,5,0) -> 0 | Q28: 맞히기 | T28: 61 | U28: =R28+S28+T28 -> 61

Sheet 2025.04
A1: 장르 | B1: 개수 | R1: 내가만든유즈맵 | S1: 타인제작유즈맵 | T1: 맞히기 | U1: 총 개수
A2: 맞히기 | B2: =VLOOKUP(A2,$Q$2:$U$28,5,0) -> 44 | Q2: 캠페인 | R2: 1 | S2: 1 | U2: =R2+S2+T2 -> 2
A3: 대전 | B3: =VLOOKUP(A3,$Q$2:$U$28,5,0) -> 12 | Q3: 디펜스 | R3: 8 | S3: 0 | U3: =R3+S3+T3 -> 8
A4: 디펜스 | B4: =VLOOKUP(A4,$Q$2:$U$28,5,0) -> 8 | Q4: 대전 | R4: 9 | S4: 3 | U4: =R4+S4+T4 -> 12
A5: 컴까기 | B5: =VLOOKUP(A5,$Q$2:$U$28,5,0) -> 8 | Q5: RPG | R5: 4 | S5: 2 | U5: =R5+S5+T5 -> 6
A6: RPG | B6: =VLOOKUP(A6,$Q$2:$U$28,5,0) -> 6 | Q6: 블러드 | R6: 0 | S6: 0 | U6: =R6+S6+T6 -> 0
A7: 키우기 | B7: =VLOOKUP(A7,$Q$2:$U$28,5,0) -> 6 | Q7: 미니게임 | R7: 2 | S7: 0 | U7: =R7+S7+T7 -> 2
A8: 호환요청 | B8: =VLOOKUP(A8,$Q$2:$U$28,5,0) -> 6 | Q8: 컴까기 | R8: 7 | S8: 1 | U8: =R8+S8+T8 -> 8
A9: 서바이벌 | B9: =VLOOKUP(A9,$Q$2:$U$28,5,0) -> 3 | Q9: 서바이벌 | R9: 2 | S9: 1 | U9: =R9+S9+T9 -> 3
A10: 퍼즐 | B10: =VLOOKUP(A10,$Q$2:$U$28,5,0) -> 3 | Q10: 컨트롤 | R10: 2 | S10: 0 | U10: =R10+S10+T10 -> 2
A11: 캠페인 | B11: =VLOOKUP(A11,$Q$2:$U$28,5,0) -> 2 | Q11: 리듬게임 | R11: 1 | S11: 0 | U11: =R11+S11+T11 -> 1
A12: 미니게임 | B12: =VLOOKUP(A12,$Q$2:$U$28,5,0) -> 2 | Q12: 퍼즐 | R12: 3 | S12: 0 | U12: =R12+S12+T12 -> 3
A13: 컨트롤 | B13: =VLOOKUP(A13,$Q$2:$U$28,5,0) -> 2 | Q13: 밀리기반 | R13: 1 | S13: 0 | U13: =R13+S13+T13 -> 1
... A27: 추리 | B27: =VLOOKUP(A27,$Q$2:$U$28,5,0) -> 0 | Q27: 레이싱 | R27: 0 | S27: 0 | U27: =R27+S27+T27 -> 0
A28: 병맛 | B28: =VLOOKUP(A28,$Q$2:$U$28,5,0) -> 0 | Q28: 맞히기 | R28: 0 | S28: 0 | T28: 44 | U28: =R28+S28+T28 -> 44

Sheet 2025.05
A1: 장르 | B1: 개수 | R1: 내가만든유즈맵 | S1: 타인제작유즈맵 | T1: 맞히기 | U1: 총 개수
A2: 맞히기 | B2: =VLOOKUP(A2,$Q$2:$U$28,5,0) -> 64 | Q2: 캠페인 | R2: 2 | S2: 1 | U2: =R2+S2+T2 -> 3
A3: 대전 | B3: =VLOOKUP(A3,$Q$2:$U$28,5,0) -> 16 | Q3: 디펜스 | R3: 8 | S3: 0 | U3: =R3+S3+T3 -> 8
A4: RPG | B4: =VLOOKUP(A4,$Q$2:$U$28,5,0) -> 11 | Q4: 대전 | R4: 16 | S4: 0 | U4: =R4+S4+T4 -> 16
A5: 밀리기반 | B5: =VLOOKUP(A5,$Q$2:$U$28,5,0) -> 9 | Q5: RPG | R5: 9 | S5: 2 | U5: =R5+S5+T5 -> 11
A6: 디펜스 | B6: =VLOOKUP(A6,$Q$2:$U$28,5,0) -> 8 | Q6: 블러드 | R6: 0 | S6: 0 | U6: =R6+S6+T6 -> 0
A7: 컴까기 | B7: =VLOOKUP(A7,$Q$2:$U$28,5,0) -> 8 | Q7: 미니게임 | R7: 3 | S7: 0 | U7: =R7+S7+T7 -> 3
A8: 서바이벌 | B8: =VLOOKUP(A8,$Q$2:$U$28,5,0) -> 7 | Q8: 컴까기 | R8: 8 | S8: 0 | U8: =R8+S8+T8 -> 8
A9: 키우기 | B9: =VLOOKUP(A9,$Q$2:$U$28,5,0) -> 4 | Q9: 서바이벌 | R9: 7 | S9: 0 | U9: =R9+S9+T9 -> 7
A10: 캠페인 | B10: =VLOOKUP(A10,$Q$2:$U$28,5,0) -> 3 | Q10: 컨트롤 | R10: 2 | S10: 1 | U10: =R10+S10+T10 -> 3
A11: 미니게임 | B11: =VLOOKUP(A11,$Q$2:$U$28,5,0) -> 3 | Q11: 리듬게임 | R11: 1 | S11: 0 | U11: =R11+S11+T11 -> 1
A12: 컨트롤 | B12: =VLOOKUP(A12,$Q$2:$U$28,5,0) -> 3 | Q12: 퍼즐 | R12: 2 | S12: 0 | U12: =R12+S12+T12 -> 2
A13: 호환요청 | B13: =VLOOKUP(A13,$Q$2:$U$28,5,0) -> 2 | Q13: 밀리기반 | R13: 8 | S13: 1 | U13: =R13+S13+T13 -> 9
... A27: 추리 | B27: =VLOOKUP(A27,$Q$2:$U$28,5,0) -> 0 | Q27: 레이싱 | R27: 0 | S27: 0 | U27: =R27+S27+T27 -> 0
A28: 병맛 | B28: =VLOOKUP(A28,$Q$2:$U$28,5,0) -> 0 | Q28: 맞히기 | R28: 0 | S28: 0 | T28: 64 | U28: =R28+S28+T28 -> 64

Sheet 2025.06
A1: 장르 | B1: 개수 | R1: 내가만든유즈맵 | S1: 타인제작유즈맵 | T1: 맞히기 | U1: 총 개수
A2: 맞히기 | B2: =VLOOKUP(A2,$Q$2:$U$28,5,0) -> 38 | Q2: 캠페인 | R2: 3 | S2: 0 | U2: =R2+S2+T2 -> 3
A3: 대전 | B3: =VLOOKUP(A3,$Q$2:$U$28,5,0) -> 14 | Q3: 디펜스 | R3: 10 | S3: 2 | U3: =R3+S3+T3 -> 12
A4: 서바이벌 | B4: =VLOOKUP(A4,$Q$2:$U$28,5,0) -> 14 | Q4: 대전 | R4: 13 | S4: 1 | U4: =R4+S4+T4 -> 14
A5: 디펜스 | B5: =VLOOKUP(A5,$Q$2:$U$28,5,0) -> 12 | Q5: RPG | R5: 3 | S5: 0 | U5: =R5+S5+T5 -> 3
A6: 컴까기 | B6: =VLOOKUP(A6,$Q$2:$U$28,5,0) -> 7 | Q6: 블러드 | R6: 1 | S6: 0 | U6: =R6+S6+T6 -> 1
A7: 키우기 | B7: =VLOOKUP(A7,$Q$2:$U$28,5,0) -> 4 | Q7: 미니게임 | R7: 2 | S7: 0 | U7: =R7+S7+T7 -> 2
A8: RPG | B8: =VLOOKUP(A8,$Q$2:$U$28,5,0) -> 3 | Q8: 컴까기 | R8: 7 | S8: 0 | U8: =R8+S8+T8 -> 7
A9: 밀리기반 | B9: =VLOOKUP(A9,$Q$2:$U$28,5,0) -> 3 | Q9: 서바이벌 | R9: 14 | S9: 0 | U9: =R9+S9+T9 -> 14
A10: 캠페인 | B10: =VLOOKUP(A10,$Q$2:$U$28,5,0) -> 3 | Q10: 컨트롤 | R10: 3 | S10: 0 | U10: =R10+S10+T10 -> 3
A11: 컨트롤 | B11: =VLOOKUP(A11,$Q$2:$U$28,5,0) -> 3 | Q11: 리듬게임 | R11: 0 | S11: 0 | U11: =R11+S11+T11 -> 0
A12: 호환요청 | B12: =VLOOKUP(A12,$Q$2:$U$28,5,0) -> 3 | Q12: 퍼즐 | R12: 1 | S12: 0 | U12: =R12+S12+T12 -> 1
A13: 미니게임 | B13: =VLOOKUP(A13,$Q$2:$U$28,5,0) -> 2 | Q13: 밀리기반 | R13: 3 | S13: 0 | U13: =R13+S13+T13 -> 3
... A27: 추리 | B27: =VLOOKUP(A27,$Q$2:$U$28,5,0) -> 0 | Q27: 레이싱 | R27: 0 | S27: 0 | U27: =R27+S27+T27 -> 0
A28: 병맛 | B28: =VLOOKUP(A28,$Q$2:$U$28,5,0) -> 0 | Q28: 맞히기 | R28: 0 | S28: 0 | T28: 38 | U28: =R28+S28+T28 -> 38

Sheet 2025.07
A1: 장르 | B1: 개수 | R1: 내가만든유즈맵 | S1: 타인제작유즈맵 | T1: 맞히기 | U1: 총 개수
A2: 맞히기 | B2: =VLOOKUP(A2,$Q$2:$U$28,5,0) -> 44 | Q2: 캠페인 | R2: 3 | S2: 0 | U2: =R2+S2+T2 -> 3
A3: 컴까기 | B3: =VLOOKUP(A3,$Q$2:$U$28,5,0) -> 17 | Q3: 디펜스 | R3: 12 | S3: 1 | U3: =R3+S3+T3 -> 13
A4: 대전 | B4: =VLOOKUP(A4,$Q$2:$U$28,5,0) -> 16 | Q4: 대전 | R4: 16 | S4: 0 | U4: =R4+S4+T4 -> 16
A5: 디펜스 | B5: =VLOOKUP(A5,$Q$2:$U$28,5,0) -> 13 | Q5: RPG | R5: 4 | S5: 1 | U5: =R5+S5+T5 -> 5
A6: 서바이벌 | B6: =VLOOKUP(A6,$Q$2:$U$28,5,0) -> 10 | Q6: 블러드 | R6: 0 | S6: 0 | U6: =R6+S6+T6 -> 0
A7: 키우기 | B7: =VLOOKUP(A7,$Q$2:$U$28,5,0) -> 6 | Q7: 미니게임 | R7: 3 | S7: 0 | U7: =R7+S7+T7 -> 3
A8: 컨트롤 | B8: =VLOOKUP(A8,$Q$2:$U$28,5,0) -> 6 | Q8: 컴까기 | R8: 17 | S8: 0 | U8: =R8+S8+T8 -> 17
A9: RPG | B9: =VLOOKUP(A9,$Q$2:$U$28,5,0) -> 5 | Q9: 서바이벌 | R9: 10 | S9: 0 | U9: =R9+S9+T9 -> 10
A10: 기타 | B10: =VLOOKUP(A10,$Q$2:$U$28,5,0) -> 4 | Q10: 컨트롤 | R10: 6 | S10: 0 | U10: =R10+S10+T10 -> 6
A11: 캠페인 | B11: =VLOOKUP(A11,$Q$2:$U$28,5,0) -> 3 | Q11: 리듬게임 | R11: 0 | S11: 0 | U11: =R11+S11+T11 -> 0
A12: 미니게임 | B12: =VLOOKUP(A12,$Q$2:$U$28,5,0) -> 3 | Q12: 퍼즐 | R12: 1 | S12: 0 | U12: =R12+S12+T12 -> 1
A13: 호환요청 | B13: =VLOOKUP(A13,$Q$2:$U$28,5,0) -> 2 | Q13: 밀리기반 | R13: 0 | S13: 0 | U13: =R13+S13+T13 -> 0
... A27: 영상 | B27: =VLOOKUP(A27,$Q$2:$U$28,5,0) -> 0 | Q27: 레이싱 | R27: 0 | S27: 0 | U27: =R27+S27+T27 -> 0
A28: 병맛 | B28: =VLOOKUP(A28,$Q$2:$U$28,5,0) -> 0 | Q28: 맞히기 | R28: 0 | S28: 0 | T28: 44 | U28: =R28+S28+T28 -> 44

Sheet 2025.08
A1: 장르 | B1: 개수 | R1: 내가만든유즈맵 | S1: 타인제작유즈맵 | T1: 맞히기 | U1: 총 개수
A2: 맞히기 | B2: =VLOOKUP(A2,$Q$2:$U$28,5,0) -> 43 | Q2: 캠페인 | R2: 3 | S2: 0 | U2: =R2+S2+T2 -> 3
A3: 대전 | B3: =VLOOKUP(A3,$Q$2:$U$28,5,0) -> 17 | Q3: 디펜스 | R3: 13 | S3: 1 | U3: =R3+S3+T3 -> 14
A4: 컨트롤 | B4: =VLOOKUP(A4,$Q$2:$U$28,5,0) -> 15 | Q4: 대전 | R4: 16 | S4: 1 | U4: =R4+S4+T4 -> 17
A5: 디펜스 | B5: =VLOOKUP(A5,$Q$2:$U$28,5,0) -> 14 | Q5: RPG | R5: 7 | S5: 1 | U5: =R5+S5+T5 -> 8
A6: 컴까기 | B6: =VLOOKUP(A6,$Q$2:$U$28,5,0) -> 12 | Q6: 블러드 | R6: 0 | S6: 0 | U6: =R6+S6+T6 -> 0
A7: RPG | B7: =VLOOKUP(A7,$Q$2:$U$28,5,0) -> 8 | Q7: 미니게임 | R7: 3 | S7: 0 | U7: =R7+S7+T7 -> 3
A8: 서바이벌 | B8: =VLOOKUP(A8,$Q$2:$U$28,5,0) -> 6 | Q8: 컴까기 | R8: 12 | S8: 0 | U8: =R8+S8+T8 -> 12
A9: 키우기 | B9: =VLOOKUP(A9,$Q$2:$U$28,5,0) -> 4 | Q9: 서바이벌 | R9: 6 | S9: 0 | U9: =R9+S9+T9 -> 6
A10: 기타 | B10: =VLOOKUP(A10,$Q$2:$U$28,5,0) -> 3 | Q10: 컨트롤 | R10: 15 | S10: 0 | U10: =R10+S10+T10 -> 15
A11: 캠페인 | B11: =VLOOKUP(A11,$Q$2:$U$28,5,0) -> 3 | Q11: 리듬게임 | R11: 1 | S11: 0 | U11: =R11+S11+T11 -> 1
A12: 미니게임 | B12: =VLOOKUP(A12,$Q$2:$U$28,5,0) -> 3 | Q12: 퍼즐 | R12: 1 | S12: 0 | U12: =R12+S12+T12 -> 1
A13: 병맛 | B13: =VLOOKUP(A13,$Q$2:$U$28,5,0) -> 2 | Q13: 밀리기반 | R13: 1 | S13: 0 | U13: =R13+S13+T13 -> 1
... A27: 레이싱 | B27: =VLOOKUP(A27,$Q$2:$U$28,5,0) -> 0 | Q27: 레이싱 | R27: 0 | S27: 0 | U27: =R27+S27+T27 -> 0
A28: 영상 | B28: =VLOOKUP(A28,$Q$2:$U$28,5,0) -> 0 | Q28: 맞히기 | R28: 0 | S28: 0 | T28: 43 | U28: =R28+S28+T28 -> 43

Sheet 2025.09
A1: 장르 | B1: 개수 | R1: 내가만든유즈맵 | S1: 타인제작유즈맵 | T1: 맞히기 | U1: 총 개수
A2: 맞히기 | B2: =VLOOKUP(A2,$Q$2:$U$28,5,0) -> 41 | Q2: 캠페인 | R2: 3 | S2: 0 | U2: =R2+S2+T2 -> 3
A3: 대전 | B3: =VLOOKUP(A3,$Q$2:$U$28,5,0) -> 12 | Q3: 디펜스 | R3: 10 | S3: 0 | U3: =R3+S3+T3 -> 10
A4: 디펜스 | B4: =VLOOKUP(A4,$Q$2:$U$28,5,0) -> 10 | Q4: 대전 | R4: 10 | S4: 2 | U4: =R4+S4+T4 -> 12
A5: 컨트롤 | B5: =VLOOKUP(A5,$Q$2:$U$28,5,0) -> 7 | Q5: RPG | R5: 4 | S5: 0 | U5: =R5+S5+T5 -> 4
A6: 컴까기 | B6: =VLOOKUP(A6,$Q$2:$U$28,5,0) -> 5 | Q6: 블러드 | R6: 0 | S6: 0 | U6: =R6+S6+T6 -> 0
A7: 서바이벌 | B7: =VLOOKUP(A7,$Q$2:$U$28,5,0) -> 5 | Q7: 미니게임 | R7: 0 | S7: 0 | U7: =R7+S7+T7 -> 0
A8: RPG | B8: =VLOOKUP(A8,$Q$2:$U$28,5,0) -> 4 | Q8: 컴까기 | R8: 5 | S8: 0 | U8: =R8+S8+T8 -> 5
A9: 기타 | B9: =VLOOKUP(A9,$Q$2:$U$28,5,0) -> 4 | Q9: 서바이벌 | R9: 5 | S9: 0 | U9: =R9+S9+T9 -> 5
A10: 키우기 | B10: =VLOOKUP(A10,$Q$2:$U$28,5,0) -> 3 | Q10: 컨트롤 | R10: 6 | S10: 1 | U10: =R10+S10+T10 -> 7
A11: 캠페인 | B11: =VLOOKUP(A11,$Q$2:$U$28,5,0) -> 3 | Q11: 리듬게임 | R11: 0 | S11: 0 | U11: =R11+S11+T11 -> 0
A12: 호환요청 | B12: =VLOOKUP(A12,$Q$2:$U$28,5,0) -> 2 | Q12: 퍼즐 | R12: 1 | S12: 0 | U12: =R12+S12+T12 -> 1
A13: 퍼즐 | B13: =VLOOKUP(A13,$Q$2:$U$28,5,0) -> 1 | Q13: 밀리기반 | R13: 0 | S13: 0 | U13: =R13+S13+T13 -> 0
... A27: 레이싱 | B27: =VLOOKUP(A27,$Q$2:$U$28,5,0) -> 0 | Q27: 레이싱 | R27: 0 | S27: 0 | U27: =R27+S27+T27 -> 0
A28: 영상 | B28: =VLOOKUP(A28,$Q$2:$U$28,5,0) -> 0 | Q28: 맞히기 | R28: 0 | S28: 0 | T28: 41 | U28: =R28+S28+T28 -> 41

Sheet 2025.10
A1: 장르 | B1: 개수 | R1: 내가만든유즈맵 | S1: 타인제작유즈맵 | T1: 맞히기 | U1: 총 개수
A2: 맞히기 | B2: =VLOOKUP(A2,$Q$2:$U$28,5,0) -> 44 | Q2: 캠페인 | R2: 4 | S2: 2 | U2: =R2+S2+T2 -> 6
A3: 디펜스 | B3: =VLOOKUP(A3,$Q$2:$U$28,5,0) -> 15 | Q3: 디펜스 | R3: 14 | S3: 1 | U3: =R3+S3+T3 -> 15
A4: 컴까기 | B4: =VLOOKUP(A4,$Q$2:$U$28,5,0) -> 13 | Q4: 대전 | R4: 6 | S4: 0 | U4: =R4+S4+T4 -> 6
A5: RPG | B5: =VLOOKUP(A5,$Q$2:$U$28,5,0) -> 7 | Q5: RPG | R5: 5 | S5: 2 | U5: =R5+S5+T5 -> 7
A6: 대전 | B6: =VLOOKUP(A6,$Q$2:$U$28,5,0) -> 6 | Q6: 블러드 | R6: 0 | S6: 0 | U6: =R6+S6+T6 -> 0
A7: 서바이벌 | B7: =VLOOKUP(A7,$Q$2:$U$28,5,0) -> 6 | Q7: 미니게임 | R7: 2 | S7: 0 | U7: =R7+S7+T7 -> 2
A8: 캠페인 | B8: =VLOOKUP(A8,$Q$2:$U$28,5,0) -> 6 | Q8: 컴까기 | R8: 12 | S8: 1 | U8: =R8+S8+T8 -> 13
A9: 컨트롤 | B9: =VLOOKUP(A9,$Q$2:$U$28,5,0) -> 3 | Q9: 서바이벌 | R9: 6 | S9: 0 | U9: =R9+S9+T9 -> 6
A10: 키우기 | B10: =VLOOKUP(A10,$Q$2:$U$28,5,0) -> 3 | Q10: 컨트롤 | R10: 3 | S10: 0 | U10: =R10+S10+T10 -> 3
A11: 퍼즐 | B11: =VLOOKUP(A11,$Q$2:$U$28,5,0) -> 3 | Q11: 리듬게임 | R11: 0 | S11: 0 | U11: =R11+S11+T11 -> 0
A12: 디플로메시 | B12: =VLOOKUP(A12,$Q$2:$U$28,5,0) -> 3 | Q12: 퍼즐 | R12: 3 | S12: 0 | U12: =R12+S12+T12 -> 3
A13: 기타 | B13: =VLOOKUP(A13,$Q$2:$U$28,5,0) -> 2 | Q13: 밀리기반 | R13: 2 | S13: 0 | U13: =R13+S13+T13 -> 2
... A27: 레이싱 | B27: =VLOOKUP(A27,$Q$2:$U$28,5,0) -> 0 | Q27: 레이싱 | R27: 0 | S27: 0 | U27: =R27+S27+T27 -> 0
A28: 영상 | B28: =VLOOKUP(A28,$Q$2:$U$28,5,0) -> 0 | Q28: 맞히기 | R28: 0 | S28: 0 | T28: 44 | U28: =R28+S28+T28 -> 44

Sheet 2025.11
A1: 장르 | B1: 개수 | R1: 내가만든유즈맵 | S1: 타인제작유즈맵 | T1: 맞히기 | U1: 총 개수
A2: 맞히기 | B2: =VLOOKUP(A2,$Q$2:$U$28,5,0) -> 44 | Q2: 캠페인 | R2: 1 | S2: 1 | U2: =R2+S2+T2 -> 2
A3: 컴까기 | B3: =VLOOKUP(A3,$Q$2:$U$28,5,0) -> 10 | Q3: 디펜스 | R3: 8 | S3: 0 | U3: =R3+S3+T3 -> 8
A4: 디펜스 | B4: =VLOOKUP(A4,$Q$2:$U$28,5,0) -> 8 | Q4: 대전 | R4: 3 | S4: 0 | U4: =R4+S4+T4 -> 3
A5: 서바이벌 | B5: =VLOOKUP(A5,$Q$2:$U$28,5,0) -> 5 | Q5: RPG | R5: 1 | S5: 0 | U5: =R5+S5+T5 -> 1
A6: 컨트롤 | B6: =VLOOKUP(A6,$Q$2:$U$28,5,0) -> 5 | Q6: 블러드 | R6: 0 | S6: 1 | U6: =R6+S6+T6 -> 1
A7: 대전 | B7: =VLOOKUP(A7,$Q$2:$U$28,5,0) -> 3 | Q7: 미니게임 | R7: 0 | S7: 0 | U7: =R7+S7+T7 -> 0
A8: 오펜스 | B8: =VLOOKUP(A8,$Q$2:$U$28,5,0) -> 3 | Q8: 컴까기 | R8: 9 | S8: 1 | U8: =R8+S8+T8 -> 10
A9: 캠페인 | B9: =VLOOKUP(A9,$Q$2:$U$28,5,0) -> 2 | Q9: 서바이벌 | R9: 5 | S9: 0 | U9: =R9+S9+T9 -> 5
A10: 기타 | B10: =VLOOKUP(A10,$Q$2:$U$28,5,0) -> 2 | Q10: 컨트롤 | R10: 3 | S10: 2 | U10: =R10+S10+T10 -> 5
A11: 탈출 | B11: =VLOOKUP(A11,$Q$2:$U$28,5,0) -> 2 | Q11: 리듬게임 | R11: 0 | S11: 0 | U11: =R11+S11+T11 -> 0
A12: RPG | B12: =VLOOKUP(A12,$Q$2:$U$28,5,0) -> 1 | Q12: 퍼즐 | R12: 0 | S12: 1 | U12: =R12+S12+T12 -> 1
A13: 퍼즐 | B13: =VLOOKUP(A13,$Q$2:$U$28,5,0) -> 1 | Q13: 밀리기반 | R13: 1 | S13: 0 | U13: =R13+S13+T13 -> 1
... A27: 레이싱 | B27: =VLOOKUP(A27,$Q$2:$U$28,5,0) -> 0 | Q27: 레이싱 | R27: 0 | S27: 0 | U27: =R27+S27+T27 -> 0
A28: 영상 | B28: =VLOOKUP(A28,$Q$2:$U$28,5,0) -> 0 | Q28: 맞히기 | T28: 44 | U28: =R28+S28+T28 -> 44

Sheet 2025.12
A1: 장르 | B1: 개수 | R1: 내가만든유즈맵 | S1: 타인제작유즈맵 | T1: 맞히기 | U1: 총 개수
A2: 맞히기 | B2: =VLOOKUP(A2,$Q$2:$U$28,5,0) -> 60 | Q2: 캠페인 | R2: 7 | S2: 0 | U2: =R2+S2+T2 -> 7
A3: 디펜스 | B3: =VLOOKUP(A3,$Q$2:$U$28,5,0) -> 10 | Q3: 디펜스 | R3: 8 | S3: 2 | U3: =R3+S3+T3 -> 10
A4: 컴까기 | B4: =VLOOKUP(A4,$Q$2:$U$28,5,0) -> 9 | Q4: 대전 | R4: 1 | S4: 1 | U4: =R4+S4+T4 -> 2
A5: 서바이벌 | B5: =VLOOKUP(A5,$Q$2:$U$28,5,0) -> 7 | Q5: RPG | R5: 5 | S5: 1 | U5: =R5+S5+T5 -> 6
A6: 캠페인 | B6: =VLOOKUP(A6,$Q$2:$U$28,5,0) -> 7 | Q6: 블러드 | R6: 0 | S6: 0 | U6: =R6+S6+T6 -> 0
A7: RPG | B7: =VLOOKUP(A7,$Q$2:$U$28,5,0) -> 6 | Q7: 미니게임 | R7: 0 | S7: 0 | U7: =R7+S7+T7 -> 0
A8: 컨트롤 | B8: =VLOOKUP(A8,$Q$2:$U$28,5,0) -> 5 | Q8: 컴까기 | R8: 9 | S8: 0 | U8: =R8+S8+T8 -> 9
A9: 오펜스 | B9: =VLOOKUP(A9,$Q$2:$U$28,5,0) -> 5 | Q9: 서바이벌 | R9: 7 | S9: 0 | U9: =R9+S9+T9 -> 7
A10: 대전 | B10: =VLOOKUP(A10,$Q$2:$U$28,5,0) -> 2 | Q10: 컨트롤 | R10: 4 | S10: 1 | U10: =R10+S10+T10 -> 5
A11: 기타 | B11: =VLOOKUP(A11,$Q$2:$U$28,5,0) -> 2 | Q11: 리듬게임 | R11: 0 | S11: 0 | U11: =R11+S11+T11 -> 0
A12: 밀리기반 | B12: =VLOOKUP(A12,$Q$2:$U$28,5,0) -> 1 | Q12: 퍼즐 | R12: 0 | S12: 0 | U12: =R12+S12+T12 -> 0
A13: 키우기 | B13: =VLOOKUP(A13,$Q$2:$U$28,5,0) -> 1 | Q13: 밀리기반 | R13: 1 | S13: 0 | U13: =R13+S13+T13 -> 1
... A27: 슈팅 | B27: =VLOOKUP(A27,$Q$2:$U$28,5,0) -> 0 | Q27: 레이싱 | R27: 1 | S27: 0 | U27: =R27+S27+T27 -> 1
A28: AOS | B28: =VLOOKUP(A28,$Q$2:$U$28,5,0) -> 0 | Q28: 맞히기 | T28: 60 | U28: =R28+S28+T28 -> 60
R30: =SUM(R2:R27) -> 52 | S30: =SUM(S2:S27) -> 6

Sheet 2026.01
A1: 장르 | B1: 개수 | R1: 내가만든유즈맵 | S1: 타인제작유즈맵 | T1: 맞히기 | U1: 총 개수
A2: 맞히기 | B2: =VLOOKUP(A2,$Q$2:$U$28,5,0) -> 40 | Q2: 캠페인 | R2: 7 | S2: 0 | U2: =R2+S2+T2 -> 7
A3: 디펜스 | B3: =VLOOKUP(A3,$Q$2:$U$28,5,0) -> 9 | Q3: 디펜스 | R3: 7 | S3: 2 | U3: =R3+S3+T3 -> 9
A4: 컴까기 | B4: =VLOOKUP(A4,$Q$2:$U$28,5,0) -> 7 | Q4: 대전 | R4: 1 | S4: 1 | U4: =R4+S4+T4 -> 2
A5: 서바이벌 | B5: =VLOOKUP(A5,$Q$2:$U$28,5,0) -> 7 | Q5: RPG | R5: 5 | S5: 1 | U5: =R5+S5+T5 -> 6
A6: 캠페인 | B6: =VLOOKUP(A6,$Q$2:$U$28,5,0) -> 7 | Q6: 블러드 | R6: 0 | S6: 0 | U6: =R6+S6+T6 -> 0
A7: RPG | B7: =VLOOKUP(A7,$Q$2:$U$28,5,0) -> 6 | Q7: 미니게임 | R7: 0 | S7: 0 | U7: =R7+S7+T7 -> 0
A8: 컨트롤 | B8: =VLOOKUP(A8,$Q$2:$U$28,5,0) -> 5 | Q8: 컴까기 | R8: 7 | S8: 0 | U8: =R8+S8+T8 -> 7
A9: 오펜스 | B9: =VLOOKUP(A9,$Q$2:$U$28,5,0) -> 5 | Q9: 서바이벌 | R9: 7 | S9: 0 | U9: =R9+S9+T9 -> 7
A10: 대전 | B10: =VLOOKUP(A10,$Q$2:$U$28,5,0) -> 2 | Q10: 컨트롤 | R10: 4 | S10: 1 | U10: =R10+S10+T10 -> 5
A11: 기타 | B11: =VLOOKUP(A11,$Q$2:$U$28,5,0) -> 2 | Q11: 리듬게임 | R11: 0 | S11: 0 | U11: =R11+S11+T11 -> 0
A12: 밀리기반 | B12: =VLOOKUP(A12,$Q$2:$U$28,5,0) -> 1 | Q12: 퍼즐 | R12: 0 | S12: 0 | U12: =R12+S12+T12 -> 0
A13: 키우기 | B13: =VLOOKUP(A13,$Q$2:$U$28,5,0) -> 1 | Q13: 밀리기반 | R13: 1 | S13: 0 | U13: =R13+S13+T13 -> 1
... A27: 슈팅 | B27: =VLOOKUP(A27,$Q$2:$U$28,5,0) -> 0 | Q27: 레이싱 | R27: 1 | S27: 0 | U27: =R27+S27+T27 -> 1
A28: AOS | B28: =VLOOKUP(A28,$Q$2:$U$28,5,0) -> 0 | Q28: 맞히기 | R28: 0 | S28: 0 | T28: 40 | U28: =R28+S28+T28 -> 40
R30: =SUM(R2:R28) -> 49 | S30: =SUM(S2:S28) -> 6

Sheet 2026.02
A1: 장르 | B1: 개수 | R1: 내가만든유즈맵 | S1: 타인제작유즈맵 | T1: 맞히기 | U1: 총 개수
A2: 맞히기 | B2: =VLOOKUP(A2,$Q$2:$U$28,5,0) -> 27 | Q2: 캠페인 | R2: 5 | S2: 5 | U2: =R2+S2+T2 -> 10
A3: 디펜스 | B3: =VLOOKUP(A3,$Q$2:$U$28,5,0) -> 12 | Q3: 디펜스 | R3: 12 | S3: 0 | U3: =R3+S3+T3 -> 12
A4: 캠페인 | B4: =VLOOKUP(A4,$Q$2:$U$28,5,0) -> 10 | Q4: 대전 | R4: 10 | S4: 0 | U4: =R4+S4+T4 -> 10
A5: 대전 | B5: =VLOOKUP(A5,$Q$2:$U$28,5,0) -> 10 | Q5: RPG | R5: 1 | S5: 1 | U5: =R5+S5+T5 -> 2
A6: RPG | B6: =VLOOKUP(A6,$Q$2:$U$28,5,0) -> 2 | Q6: 블러드 | R6: 0 | S6: 0 | U6: =R6+S6+T6 -> 0
A7: 키우기 | B7: =VLOOKUP(A7,$Q$2:$U$28,5,0) -> 2 | Q7: 미니게임 | R7: 0 | S7: 0 | U7: =R7+S7+T7 -> 0
A8: 컴까기 | B8: =VLOOKUP(A8,$Q$2:$U$28,5,0) -> 1 | Q8: 컴까기 | R8: 1 | S8: 0 | U8: =R8+S8+T8 -> 1
A9: 서바이벌 | B9: =VLOOKUP(A9,$Q$2:$U$28,5,0) -> 1 | Q9: 서바이벌 | R9: 1 | S9: 0 | U9: =R9+S9+T9 -> 1
A10: 컨트롤 | B10: =VLOOKUP(A10,$Q$2:$U$28,5,0) -> 1 | Q10: 컨트롤 | R10: 1 | S10: 0 | U10: =R10+S10+T10 -> 1
A11: 디플로메시 | B11: =VLOOKUP(A11,$Q$2:$U$28,5,0) -> 1 | Q11: 리듬게임 | R11: 0 | S11: 0 | U11: =R11+S11+T11 -> 0
A12: 어드벤처 | B12: =VLOOKUP(A12,$Q$2:$U$28,5,0) -> 1 | Q12: 퍼즐 | R12: 0 | S12: 0 | U12: =R12+S12+T12 -> 0
A13: 오펜스 | B13: =VLOOKUP(A13,$Q$2:$U$28,5,0) -> 0 | Q13: 밀리기반 | R13: 0 | S13: 0 | U13: =R13+S13+T13 -> 0
... A27: 슈팅 | B27: =VLOOKUP(A27,$Q$2:$U$28,5,0) -> 0 | Q27: 레이싱 | R27: 0 | S27: 0 | U27: =R27+S27+T27 -> 0
A28: AOS | B28: =VLOOKUP(A28,$Q$2:$U$28,5,0) -> 0 | Q28: 맞히기 | R28: 0 | S28: 0 | T28: 27 | U28: =R28+S28+T28 -> 27
R30: =SUM(R2:R28) -> 33 | S30: =SUM(S2:S28) -> 8

Sheet 2026.03
A1: 장르 | B1: 개수 | R1: 내가만든유즈맵 | S1: 타인제작유즈맵 | T1: 맞히기 | U1: 총 개수
A2: 맞히기 | B2: =VLOOKUP(A2,$Q$2:$U$28,5,0) -> 39 | Q2: 캠페인 | R2: 0 | S2: 1 | U2: =R2+S2+T2 -> 1
A3: 디펜스 | B3: =VLOOKUP(A3,$Q$2:$U$28,5,0) -> 7 | Q3: 디펜스 | R3: 7 | S3: 0 | U3: =R3+S3+T3 -> 7
A4: 컴까기 | B4: =VLOOKUP(A4,$Q$2:$U$28,5,0) -> 5 | Q4: 대전 | R4: 2 | S4: 0 | U4: =R4+S4+T4 -> 2
A5: 컨트롤 | B5: =VLOOKUP(A5,$Q$2:$U$28,5,0) -> 4 | Q5: RPG | R5: 3 | S5: 0 | U5: =R5+S5+T5 -> 3
A6: RPG | B6: =VLOOKUP(A6,$Q$2:$U$28,5,0) -> 3 | Q6: 블러드 | R6: 0 | S6: 0 | U6: =R6+S6+T6 -> 0
A7: 서바이벌 | B7: =VLOOKUP(A7,$Q$2:$U$28,5,0) -> 3 | Q7: 미니게임 | R7: 0 | S7: 0 | U7: =R7+S7+T7 -> 0
A8: 기타 | B8: =VLOOKUP(A8,$Q$2:$U$28,5,0) -> 3 | Q8: 컴까기 | R8: 5 | S8: 0 | U8: =R8+S8+T8 -> 5
A9: 대전 | B9: =VLOOKUP(A9,$Q$2:$U$28,5,0) -> 2 | Q9: 서바이벌 | R9: 3 | S9: 0 | U9: =R9+S9+T9 -> 3
A10: 어드벤처 | B10: =VLOOKUP(A10,$Q$2:$U$28,5,0) -> 2 | Q10: 컨트롤 | R10: 4 | S10: 0 | U10: =R10+S10+T10 -> 4
A11: 공포 | B11: =VLOOKUP(A11,$Q$2:$U$28,5,0) -> 2 | Q11: 리듬게임 | R11: 1 | S11: 0 | U11: =R11+S11+T11 -> 1
A12: 퍼즐 | B12: =VLOOKUP(A12,$Q$2:$U$28,5,0) -> 2 | Q12: 퍼즐 | R12: 2 | S12: 0 | U12: =R12+S12+T12 -> 2
A13: 캠페인 | B13: =VLOOKUP(A13,$Q$2:$U$28,5,0) -> 1 | Q13: 밀리기반 | R13: 0 | S13: 0 | U13: =R13+S13+T13 -> 0
... A27: 슈팅 | B27: =VLOOKUP(A27,$Q$2:$U$28,5,0) -> 0 | Q27: 레이싱 | R27: 0 | S27: 0 | U27: =R27+S27+T27 -> 0
A28: AOS | B28: =VLOOKUP(A28,$Q$2:$U$28,5,0) -> 0 | Q28: 맞히기 | R28: 0 | S28: 0 | T28: 39 | U28: =R28+S28+T28 -> 39
R30: =SUM(R2:R28) -> 34 | S30: =SUM(S2:S28) -> 4

Sheet 2026.04
A1: 장르 | B1: 개수 | R1: 내가만든유즈맵 | S1: 타인제작유즈맵 | T1: 맞히기 | U1: 총 개수
A2: 맞히기 | B2: =VLOOKUP(A2,$Q$2:$U$28,5,0) -> 38 | Q2: 캠페인 | R2: 3 | S2: 0 | U2: =R2+S2+T2 -> 3
A3: RPG | B3: =VLOOKUP(A3,$Q$2:$U$28,5,0) -> 13 | Q3: 디펜스 | R3: 5 | S3: 4 | U3: =R3+S3+T3 -> 9
A4: 컨트롤 | B4: =VLOOKUP(A4,$Q$2:$U$28,5,0) -> 11 | Q4: 대전 | R4: 4 | S4: 0 | U4: =R4+S4+T4 -> 4
A5: 디펜스 | B5: =VLOOKUP(A5,$Q$2:$U$28,5,0) -> 9 | Q5: RPG | R5: 3 | S5: 10 | U5: =R5+S5+T5 -> 13
A6: 호환요청 | B6: =VLOOKUP(A6,$Q$2:$U$28,5,0) -> 8 | Q6: 블러드 | R6: 0 | S6: 0 | U6: =R6+S6+T6 -> 0
A7: 퍼즐 | B7: =VLOOKUP(A7,$Q$2:$U$28,5,0) -> 6 | Q7: 미니게임 | R7: 0 | S7: 0 | U7: =R7+S7+T7 -> 0
A8: 서바이벌 | B8: =VLOOKUP(A8,$Q$2:$U$28,5,0) -> 5 | Q8: 컴까기 | R8: 3 | S8: 1 | U8: =R8+S8+T8 -> 4
A9: AOS | B9: =VLOOKUP(A9,$Q$2:$U$28,5,0) -> 5 | Q9: 서바이벌 | R9: 4 | S9: 1 | U9: =R9+S9+T9 -> 5
A10: 컴까기 | B10: =VLOOKUP(A10,$Q$2:$U$28,5,0) -> 4 | Q10: 컨트롤 | R10: 11 | S10: 0 | U10: =R10+S10+T10 -> 11
A11: 기타 | B11: =VLOOKUP(A11,$Q$2:$U$28,5,0) -> 4 | Q11: 리듬게임 | R11: 0 | S11: 0 | U11: =R11+S11+T11 -> 0
A12: 대전 | B12: =VLOOKUP(A12,$Q$2:$U$28,5,0) -> 4 | Q12: 퍼즐 | R12: 6 | S12: 0 | U12: =R12+S12+T12 -> 6
A13: 공포 | B13: =VLOOKUP(A13,$Q$2:$U$28,5,0) -> 4 | Q13: 밀리기반 | R13: 0 | S13: 0 | U13: =R13+S13+T13 -> 0
... A27: 추리 | B27: =VLOOKUP(A27,$Q$2:$U$28,5,0) -> 0 | Q27: 레이싱 | R27: 0 | S27: 0 | U27: =R27+S27+T27 -> 0
A28: 슈팅 | B28: =VLOOKUP(A28,$Q$2:$U$28,5,0) -> 0 | Q28: 맞히기 | R28: 0 | S28: 0 | T28: 38 | U28: =R28+S28+T28 -> 38
R30: =SUM(R2:R28) -> 49 | S30: =SUM(S2:S28) -> 33

Sheet 2026.05
A1: 장르 | B1: 개수 | R1: 내가만든유즈맵 | S1: 타인제작유즈맵 | T1: 맞히기 | U1: 총 개수
A2: 맞히기 | B2: =VLOOKUP(A2,$Q$2:$U$28,5,0) -> 44 | Q2: 캠페인 | R2: 3 | S2: 0 | U2: =R2+S2+T2 -> 3
A3: 디펜스 | B3: =VLOOKUP(A3,$Q$2:$U$28,5,0) -> 9 | Q3: 디펜스 | R3: 8 | S3: 1 | U3: =R3+S3+T3 -> 9
A4: 대전 | B4: =VLOOKUP(A4,$Q$2:$U$28,5,0) -> 9 | Q4: 대전 | R4: 8 | S4: 1 | U4: =R4+S4+T4 -> 9
A5: 컴까기 | B5: =VLOOKUP(A5,$Q$2:$U$28,5,0) -> 6 | Q5: RPG | R5: 2 | S5: 0 | U5: =R5+S5+T5 -> 2
A6: 기타 | B6: =VLOOKUP(A6,$Q$2:$U$28,5,0) -> 6 | Q6: 블러드 | R6: 0 | S6: 0 | U6: =R6+S6+T6 -> 0
A7: 컨트롤 | B7: =VLOOKUP(A7,$Q$2:$U$28,5,0) -> 4 | Q7: 미니게임 | R7: 0 | S7: 0 | U7: =R7+S7+T7 -> 0
A8: 캠페인 | B8: =VLOOKUP(A8,$Q$2:$U$28,5,0) -> 3 | Q8: 컴까기 | R8: 5 | S8: 1 | U8: =R8+S8+T8 -> 6
A9: RPG | B9: =VLOOKUP(A9,$Q$2:$U$28,5,0) -> 2 | Q9: 서바이벌 | R9: 1 | S9: 0 | U9: =R9+S9+T9 -> 1
A10: 오펜스 | B10: =VLOOKUP(A10,$Q$2:$U$28,5,0) -> 2 | Q10: 컨트롤 | R10: 4 | S10: 0 | U10: =R10+S10+T10 -> 4
A11: 호환요청 | B11: =VLOOKUP(A11,$Q$2:$U$28,5,0) -> 1 | Q11: 리듬게임 | R11: 0 | S11: 0 | U11: =R11+S11+T11 -> 0
A12: 퍼즐 | B12: =VLOOKUP(A12,$Q$2:$U$28,5,0) -> 1 | Q12: 퍼즐 | R12: 1 | S12: 0 | U12: =R12+S12+T12 -> 1
A13: 서바이벌 | B13: =VLOOKUP(A13,$Q$2:$U$28,5,0) -> 1 | Q13: 밀리기반 | R13: 1 | S13: 0 | U13: =R13+S13+T13 -> 1
... A27: 미니게임 | B27: =VLOOKUP(A27,$Q$2:$U$28,5,0) -> 0 | Q27: 레이싱 | R27: 0 | S27: 0 | U27: =R27+S27+T27 -> 0
A28: 추리 | B28: =VLOOKUP(A28,$Q$2:$U$28,5,0) -> 0 | Q28: 맞히기 | T28: 44 | U28: =R28+S28+T28 -> 44
R30: =SUM(R2:R28) -> 43 | S30: =SUM(S2:S28) -> 7

Sheet 2026.06
A1: 장르 | B1: 개수 | R1: 내가만든유즈맵 | S1: 타인제작유즈맵 | T1: 맞히기 | U1: 총 개수
A2: 맞히기 | B2: =VLOOKUP(A2,$Q$2:$U$28,5,0) -> 36 | Q2: 캠페인 | R2: 12 | S2: 0 | U2: =R2+S2+T2 -> 12
A3: 컨트롤 | B3: =VLOOKUP(A3,$Q$2:$U$28,5,0) -> 23 | Q3: 디펜스 | R3: 5 | S3: 0 | U3: =R3+S3+T3 -> 5
A4: 캠페인 | B4: =VLOOKUP(A4,$Q$2:$U$28,5,0) -> 12 | Q4: 대전 | R4: 4 | S4: 2 | U4: =R4+S4+T4 -> 6
A5: 대전 | B5: =VLOOKUP(A5,$Q$2:$U$28,5,0) -> 6 | Q5: RPG | R5: 4 | S5: 0 | U5: =R5+S5+T5 -> 4
A6: 디펜스 | B6: =VLOOKUP(A6,$Q$2:$U$28,5,0) -> 5 | Q6: 블러드 | R6: 0 | S6: 0 | U6: =R6+S6+T6 -> 0
A7: 컴까기 | B7: =VLOOKUP(A7,$Q$2:$U$28,5,0) -> 5 | Q7: 미니게임 | R7: 1 | S7: 0 | U7: =R7+S7+T7 -> 1
A8: 기타 | B8: =VLOOKUP(A8,$Q$2:$U$28,5,0) -> 5 | Q8: 컴까기 | R8: 5 | S8: 0 | U8: =R8+S8+T8 -> 5
A9: RPG | B9: =VLOOKUP(A9,$Q$2:$U$28,5,0) -> 4 | Q9: 서바이벌 | R9: 4 | S9: 0 | U9: =R9+S9+T9 -> 4
A10: 서바이벌 | B10: =VLOOKUP(A10,$Q$2:$U$28,5,0) -> 4 | Q10: 컨트롤 | R10: 3 | S10: 20 | U10: =R10+S10+T10 -> 23
A11: AOS | B11: =VLOOKUP(A11,$Q$2:$U$28,5,0) -> 3 | Q11: 리듬게임 | R11: 0 | S11: 0 | U11: =R11+S11+T11 -> 0
A12: 퍼즐 | B12: =VLOOKUP(A12,$Q$2:$U$28,5,0) -> 2 | Q12: 퍼즐 | R12: 2 | S12: 0 | U12: =R12+S12+T12 -> 2
A13: 밀리기반 | B13: =VLOOKUP(A13,$Q$2:$U$28,5,0) -> 2 | Q13: 밀리기반 | R13: 1 | S13: 1 | U13: =R13+S13+T13 -> 2
... A27: 블러드 | B27: =VLOOKUP(A27,$Q$2:$U$28,5,0) -> 0 | Q27: 레이싱 | R27: 0 | S27: 0 | U27: =R27+S27+T27 -> 0
A28: 추리 | B28: =VLOOKUP(A28,$Q$2:$U$28,5,0) -> 0 | Q28: 맞히기 | T28: 36 | U28: =R28+S28+T28 -> 36
R30: =SUM(R2:R28) -> 49 | S30: =SUM(S2:S28) -> 25

Sheet 2026.07
A1: 장르 | B1: 개수 | R1: 내가만든유즈맵 | S1: 타인제작유즈맵 | T1: 맞히기 | U1: 총 개수
A2: 맞히기 | B2: =VLOOKUP(A2,$Q$2:$U$28,5,0) -> 55 | Q2: 캠페인 | R2: 9 | S2: 4 | U2: =R2+S2+T2 -> 13
A3: 캠페인 | B3: =VLOOKUP(A3,$Q$2:$U$28,5,0) -> 13 | Q3: 디펜스 | R3: 7 | S3: 3 | U3: =R3+S3+T3 -> 10
A4: 디펜스 | B4: =VLOOKUP(A4,$Q$2:$U$28,5,0) -> 10 | Q4: 대전 | R4: 6 | S4: 1 | U4: =R4+S4+T4 -> 7
A5: RPG | B5: =VLOOKUP(A5,$Q$2:$U$28,5,0) -> 8 | Q5: RPG | R5: 8 | S5: 0 | U5: =R5+S5+T5 -> 8
A6: 대전 | B6: =VLOOKUP(A6,$Q$2:$U$28,5,0) -> 7 | Q6: 블러드 | R6: 0 | S6: 1 | U6: =R6+S6+T6 -> 1
A7: 슈팅 | B7: =VLOOKUP(A7,$Q$2:$U$28,5,0) -> 4 | Q7: 미니게임 | R7: 0 | S7: 0 | U7: =R7+S7+T7 -> 0
A8: 컨트롤 | B8: =VLOOKUP(A8,$Q$2:$U$28,5,0) -> 3 | Q8: 컴까기 | R8: 0 | S8: 0 | U8: =R8+S8+T8 -> 0
A9: 서바이벌 | B9: =VLOOKUP(A9,$Q$2:$U$28,5,0) -> 2 | Q9: 서바이벌 | R9: 2 | S9: 0 | U9: =R9+S9+T9 -> 2
A10: 호환요청 | B10: =VLOOKUP(A10,$Q$2:$U$28,5,0) -> 2 | Q10: 컨트롤 | R10: 2 | S10: 1 | U10: =R10+S10+T10 -> 3
A11: 어드벤처 | B11: =VLOOKUP(A11,$Q$2:$U$28,5,0) -> 2 | Q11: 리듬게임 | R11: 1 | S11: 0 | U11: =R11+S11+T11 -> 1
A12: 디플로메시 | B12: =VLOOKUP(A12,$Q$2:$U$28,5,0) -> 1 | Q12: 퍼즐 | R12: 0 | S12: 0 | U12: =R12+S12+T12 -> 0
A13: 공포 | B13: =VLOOKUP(A13,$Q$2:$U$28,5,0) -> 1 | Q13: 밀리기반 | R13: 0 | S13: 0 | U13: =R13+S13+T13 -> 0
... A27: 레이싱 | B27: =VLOOKUP(A27,$Q$2:$U$28,5,0) -> 0 | Q27: 레이싱 | R27: 0 | S27: 0 | U27: =R27+S27+T27 -> 0
A28: 추리 | B28: =VLOOKUP(A28,$Q$2:$U$28,5,0) -> 0 | Q28: 맞히기 | T28: 55 | U28: =R28+S28+T28 -> 55
R30: =SUM(R2:R28) -> 42 | S30: =SUM(S2:S28) -> 13

Sheet 2026.08
A1: 장르 | B1: 개수 | R1: 내가만든유즈맵 | S1: 타인제작유즈맵 | T1: 맞히기 | U1: 총 개수
A2: 맞히기 | B2: =VLOOKUP(A2,$Q$2:$U$28,5,0) -> 54 | Q2: 캠페인 | R2: 6 | U2: =R2+S2+T2 -> 6
A3: 대전 | B3: =VLOOKUP(A3,$Q$2:$U$28,5,0) -> 13 | Q3: 디펜스 | R3: 6 | U3: =R3+S3+T3 -> 6
A4: 컨트롤 | B4: =VLOOKUP(A4,$Q$2:$U$28,5,0) -> 8 | Q4: 대전 | R4: 13 | U4: =R4+S4+T4 -> 13
A5: RPG | B5: =VLOOKUP(A5,$Q$2:$U$28,5,0) -> 7 | Q5: RPG | R5: 7 | U5: =R5+S5+T5 -> 7
A6: 캠페인 | B6: =VLOOKUP(A6,$Q$2:$U$28,5,0) -> 6 | Q6: 블러드 | R6: 0 | U6: =R6+S6+T6 -> 0
A7: 디펜스 | B7: =VLOOKUP(A7,$Q$2:$U$28,5,0) -> 6 | Q7: 미니게임 | R7: 0 | U7: =R7+S7+T7 -> 0
A8: 컴까기 | B8: =VLOOKUP(A8,$Q$2:$U$28,5,0) -> 3 | Q8: 컴까기 | R8: 3 | U8: =R8+S8+T8 -> 3
A9: 키우기 | B9: =VLOOKUP(A9,$Q$2:$U$28,5,0) -> 3 | Q9: 서바이벌 | R9: 1 | U9: =R9+S9+T9 -> 1
A10: 어드벤처 | B10: =VLOOKUP(A10,$Q$2:$U$28,5,0) -> 2 | Q10: 컨트롤 | R10: 8 | U10: =R10+S10+T10 -> 8
A11: 레이싱 | B11: =VLOOKUP(A11,$Q$2:$U$28,5,0) -> 2 | Q11: 리듬게임 | R11: 0 | U11: =R11+S11+T11 -> 0
A12: 슈팅 | B12: =VLOOKUP(A12,$Q$2:$U$28,5,0) -> 1 | Q12: 퍼즐 | R12: 1 | U12: =R12+S12+T12 -> 1
A13: 서바이벌 | B13: =VLOOKUP(A13,$Q$2:$U$28,5,0) -> 1 | Q13: 밀리기반 | R13: 0 | U13: =R13+S13+T13 -> 0
... A17: 퍼즐 | B17: =VLOOKUP(A17,$Q$2:$U$28,5,0) -> 1 | Q17: 어드벤처 | R17: 2 | U17: =R17+S17+T17 -> 2
A18: 탈출 | B18: =VLOOKUP(A18,$Q$2:$U$28,5,0) -> 1 | Q18: 공포 | R18: 0 | S18: 1 | U18: =R18+S18+T18 -> 1
A19: 호환요청 | B19: =VLOOKUP(A19,$Q$2:$U$28,5,0) -> 0 | Q19: 영상 | R19: 0 | U19: =R19+S19+T19 -> 0
A20: 리듬게임 | B20: =VLOOKUP(A20,$Q$2:$U$28,5,0) -> 0 | Q20: 탈출 | R20: 1 | U20: =R20+S20+T20 -> 1
A21: 블러드 | B21: =VLOOKUP(A21,$Q$2:$U$28,5,0) -> 0 | Q21: 오펜스 | R21: 0 | U21: =R21+S21+T21 -> 0
A22: AOS | B22: =VLOOKUP(A22,$Q$2:$U$28,5,0) -> 0 | Q22: 병맛 | R22: 0 | U22: =R22+S22+T22 -> 0
A23: 밀리기반 | B23: =VLOOKUP(A23,$Q$2:$U$28,5,0) -> 0 | Q23: 추리 | R23: 0 | U23: =R23+S23+T23 -> 0
A24: 영상 | B24: =VLOOKUP(A24,$Q$2:$U$28,5,0) -> 0 | Q24: 슈팅 | R24: 1 | U24: =R24+S24+T24 -> 1
A25: 미니게임 | B25: =VLOOKUP(A25,$Q$2:$U$28,5,0) -> 0 | Q25: AOS | R25: 0 | U25: =R25+S25+T25 -> 0
A26: 오펜스 | B26: =VLOOKUP(A26,$Q$2:$U$28,5,0) -> 0 | Q26: 호환요청 | R26: 0 | U26: =R26+S26+T26 -> 0
A27: 병맛 | B27: =VLOOKUP(A27,$Q$2:$U$28,5,0) -> 0 | Q27: 레이싱 | R27: 2 | U27: =R27+S27+T27 -> 2
A28: 추리 | B28: =VLOOKUP(A28,$Q$2:$U$28,5,0) -> 0 | Q28: 맞히기 | T28: 54 | U28: =R28+S28+T28 -> 54
R30: =SUM(R2:R28) -> 56 | S30: =SUM(S2:S28) -> 1

Sheet 2026.09
A1: 장르 | B1: 개수 | R1: 내가만든유즈맵 | S1: 타인제작유즈맵 | T1: 맞히기 | U1: 총 개수
A2: 맞히기 | B2: =VLOOKUP(A2,$Q$2:$U$28,5,0) -> 57 | Q2: 캠페인 | R2: 0 | S2: 0 | U2: =R2+S2+T2 -> 0
A3: 디펜스 | B3: =VLOOKUP(A3,$Q$2:$U$28,5,0) -> 11 | Q3: 디펜스 | R3: 10 | S3: 1 | U3: =R3+S3+T3 -> 11
A4: 대전 | B4: =VLOOKUP(A4,$Q$2:$U$28,5,0) -> 9 | Q4: 대전 | R4: 6 | S4: 3 | U4: =R4+S4+T4 -> 9
A5: 컴까기 | B5: =VLOOKUP(A5,$Q$2:$U$28,5,0) -> 7 | Q5: RPG | R5: 6 | S5: 0 | U5: =R5+S5+T5 -> 6
A6: RPG | B6: =VLOOKUP(A6,$Q$2:$U$28,5,0) -> 6 | Q6: 블러드 | R6: 0 | S6: 0 | U6: =R6+S6+T6 -> 0
A7: 서바이벌 | B7: =VLOOKUP(A7,$Q$2:$U$28,5,0) -> 3 | Q7: 미니게임 | R7: 1 | S7: 0 | U7: =R7+S7+T7 -> 1
A8: 공포 | B8: =VLOOKUP(A8,$Q$2:$U$28,5,0) -> 3 | Q8: 컴까기 | R8: 7 | S8: 0 | U8: =R8+S8+T8 -> 7
A9: 컨트롤 | B9: =VLOOKUP(A9,$Q$2:$U$28,5,0) -> 2 | Q9: 서바이벌 | R9: 3 | S9: 0 | U9: =R9+S9+T9 -> 3
A10: 퍼즐 | B10: =VLOOKUP(A10,$Q$2:$U$28,5,0) -> 2 | Q10: 컨트롤 | R10: 2 | S10: 0 | U10: =R10+S10+T10 -> 2
A11: 키우기 | B11: =VLOOKUP(A11,$Q$2:$U$28,5,0) -> 1 | Q11: 리듬게임 | R11: 1 | S11: 0 | U11: =R11+S11+T11 -> 1
A12: 디플로메시 | B12: =VLOOKUP(A12,$Q$2:$U$28,5,0) -> 1 | Q12: 퍼즐 | R12: 2 | S12: 0 | U12: =R12+S12+T12 -> 2
A13: 탈출 | B13: =VLOOKUP(A13,$Q$2:$U$28,5,0) -> 1 | Q13: 밀리기반 | R13: 0 | S13: 0 | U13: =R13+S13+T13 -> 0
... A27: 오펜스 | B27: =VLOOKUP(A27,$Q$2:$U$28,5,0) -> 0 | Q27: 레이싱 | R27: 0 | S27: 0 | U27: =R27+S27+T27 -> 0
A28: 추리 | B28: =VLOOKUP(A28,$Q$2:$U$28,5,0) -> 0 | Q28: 맞히기 | T28: 57 | U28: =R28+S28+T28 -> 57
R30: =SUM(R2:R28) -> 45 | S30: =SUM(S2:S28) -> 4

Sheet TOTAL
A1: 장르 | B1: 전체 총합 | C1: 전체 비율 | D1: 2024 총합 | E1: 2025 총합 | F1: 45200 | G1: 45231 | H1: 45261 | I1: 45292 | J1: 45323 | K1: 45352 | L1: 45383 | M1: 45413 | N1: 45444 | O1: 45474 | P1: 45505 | Q1: 45536 | R1: 45566 | S1: 45597 | T1: 45627 | U1: 45658 | V1: 45689 | W1: 45717 | X1: 45748 | Y1: 45778 | Z1: 45809 | AA1: 45839 | AB1: 45870 | AC1: 45901 | AD1: 45931 | AE1: 45962 | AF1: 45992 | AG1: 46023 | AH1: 46054 | AI1: 46082 | AJ1: 46113 | AK1: 46143 | AL1: 46174 | AM1: 46204 | AN1: 46235 | AO1: 46266 | AP1: 46296 | AQ1: 46327 | AR1: 46357 | AS1: 46388
A2: 맞히기 | B2: =SUM(F2:AS2) -> 1490 | C2: =B2/B$30 -> 0.36681438 | D2: =SUM(I2:T2) -> 580 | E2: =SUM(U2:AF2) -> 585 | F2: =VLOOKUP($A2,'2023.10'!$A$2:$B$26,2,FALSE) -> 64 | G2: =VLOOKUP($A2,'2023.11'!$A$2:$B$26,2,FALSE) -> 36 | H2: =VLOOKUP($A2,'2023.12'!$A$2:$B$26,2,FALSE) -> 37 | I2: =VLOOKUP($A2,'2024.01'!$A$2:$B$26,2,FALSE) -> 47 | J2: =VLOOKUP($A2,'2024.02'!$A$2:$B$26,2,FALSE) -> 29 | K2: =VLOOKUP($A2,'2024.03'!$A$2:$B$26,2,FALSE) -> 57 | L2: =VLOOKUP($A2,'2024.04'!$A$2:$B$26,2,FALSE) -> 41 | M2: =VLOOKUP($A2,'2024.05'!$A$2:$B$27,2,FALSE) -> 49 | N2: =VLOOKUP($A2,'2024.06'!$A$2:$B$27,2,FALSE) -> 41 | O2: =VLOOKUP($A2,'2024.07'!$A$2:$B$27,2,FALSE) -> 48 | P2: =VLOOKUP($A2,'2024.08'!$A$2:$B$28,2,FALSE) -> 61 | Q2: =VLOOKUP($A2,'2024.09'!$A$2:$B$28,2,FALSE) -> 58 | R2: =VLOOKUP($A2,'2024.10'!$A$2:$B$28,2,FALSE) -> 60 | S2: =VLOOKUP($A2,'2024.11'!$A$2:$B$28,2,FALSE) -> 52 | T2: =VLOOKUP($A2,'2024.12'!$A$2:$B$28,2,FALSE) -> 37 | U2: =VLOOKUP($A2,'2025.01'!$A$2:$B$28,2,FALSE) -> 50 | V2: =VLOOKUP($A2,'2025.02'!$A$2:$B$28,2,FALSE) -> 52 | W2: =VLOOKUP($A2,'2025.03'!$A$2:$B$28,2,FALSE) -> 61 | X2: =VLOOKUP($A2,'2025.04'!$A$2:$B$28,2,FALSE) -> 44 | Y2: =VLOOKUP($A2,'2025.05'!$A$2:$B$28,2,FALSE) -> 64 | Z2: =VLOOKUP($A2,'2025.06'!$A$2:$B$28,2,FALSE) -> 38 | AA2: =VLOOKUP($A2,'2025.07'!$A$2:$B$28,2,FALSE) -> 44 | AB2: =VLOOKUP($A2,'2025.08'!$A$2:$B$28,2,FALSE) -> 43 | AC2: =VLOOKUP($A2,'2025.09'!$A$2:$B$28,2,FALSE) -> 41 | AD2: =VLOOKUP($A2,'2025.10'!$A$2:$B$28,2,FALSE) -> 44 | AE2: =VLOOKUP($A2,'2025.11'!$A$2:$B$28,2,FALSE) -> 44 | AF2: =VLOOKUP($A2,'2025.12'!$A$2:$B$28,2,FALSE) -> 60 | AG2: =VLOOKUP($A2,'2026.01'!$A$2:$B$28,2,FALSE) -> 40 | AH2: =VLOOKUP($A2,'2026.02'!$A$2:$B$28,2,FALSE) -> 27 | AI2: =VLOOKUP($A2,'2026.03'!$A$2:$B$28,2,FALSE) -> 39 | AJ2: =VLOOKUP($A2,'2026.04'!$A$2:$B$28,2,FALSE) -> 38 | AK2: =VLOOKUP($A2,'2026.05'!$A$2:$B$28,2,FALSE) -> 44
A3: 디펜스 | B3: =SUM(F3:AS3) -> 402 | C3: =B3/B$30 -> 0.098966027 | D3: =SUM(I3:T3) -> 164 | E3: =SUM(U3:AF3) -> 146 | F3: =VLOOKUP($A3,'2023.10'!$A$2:$B$26,2,FALSE) -> 16 | G3: =VLOOKUP($A3,'2023.11'!$A$2:$B$26,2,FALSE) -> 13 | H3: =VLOOKUP($A3,'2023.12'!$A$2:$B$26,2,FALSE) -> 17 | I3: =VLOOKUP($A3,'2024.01'!$A$2:$B$26,2,FALSE) -> 11 | J3: =VLOOKUP($A3,'2024.02'!$A$2:$B$26,2,FALSE) -> 13 | K3: =VLOOKUP($A3,'2024.03'!$A$2:$B$26,2,FALSE) -> 15 | L3: =VLOOKUP($A3,'2024.04'!$A$2:$B$26,2,FALSE) -> 20 | M3: =VLOOKUP($A3,'2024.05'!$A$2:$B$27,2,FALSE) -> 21 | N3: =VLOOKUP($A3,'2024.06'!$A$2:$B$27,2,FALSE) -> 8 | O3: =VLOOKUP($A3,'2024.07'!$A$2:$B$27,2,FALSE) -> 6 | P3: =VLOOKUP($A3,'2024.08'!$A$2:$B$28,2,FALSE) -> 10 | Q3: =VLOOKUP($A3,'2024.09'!$A$2:$B$28,2,FALSE) -> 20 | R3: =VLOOKUP($A3,'2024.10'!$A$2:$B$28,2,FALSE) -> 11 | S3: =VLOOKUP($A3,'2024.11'!$A$2:$B$28,2,FALSE) -> 15 | T3: =VLOOKUP($A3,'2024.12'!$A$2:$B$28,2,FALSE) -> 14 | U3: =VLOOKUP($A3,'2025.01'!$A$2:$B$28,2,FALSE) -> 13 | V3: =VLOOKUP($A3,'2025.02'!$A$2:$B$28,2,FALSE) -> 15 | W3: =VLOOKUP($A3,'2025.03'!$A$2:$B$28,2,FALSE) -> 20 | X3: =VLOOKUP($A3,'2025.04'!$A$2:$B$28,2,FALSE) -> 8 | Y3: =VLOOKUP($A3,'2025.05'!$A$2:$B$28,2,FALSE) -> 8 | Z3: =VLOOKUP($A3,'2025.06'!$A$2:$B$28,2,FALSE) -> 12 | AA3: =VLOOKUP($A3,'2025.07'!$A$2:$B$28,2,FALSE) -> 13 | AB3: =VLOOKUP($A3,'2025.08'!$A$2:$B$28,2,FALSE) -> 14 | AC3: =VLOOKUP($A3,'2025.09'!$A$2:$B$28,2,FALSE) -> 10 | AD3: =VLOOKUP($A3,'2025.10'!$A$2:$B$28,2,FALSE) -> 15 | AE3: =VLOOKUP($A3,'2025.11'!$A$2:$B$28,2,FALSE) -> 8 | AF3: =VLOOKUP($A3,'2025.12'!$A$2:$B$28,2,FALSE) -> 10 | AG3: =VLOOKUP($A3,'2026.01'!$A$2:$B$28,2,FALSE) -> 9 | AH3: =VLOOKUP($A3,'2026.02'!$A$2:$B$28,2,FALSE) -> 12 | AI3: =VLOOKUP($A3,'2026.03'!$A$2:$B$28,2,FALSE) -> 7 | AJ3: =VLOOKUP($A3,'2026.04'!$A$2:$B$28,2,FALSE) -> 9 | AK3: =VLOOKUP($A3,'2026.05'!$A$2:$B$28,2,FALSE) -> 9
A4: 컴까기 | B4: =SUM(F4:AS4) -> 343 | C4: =B4/B$30 -> 0.084441162 | D4: =SUM(I4:T4) -> 165 | E4: =SUM(U4:AF4) -> 121 | F4: =VLOOKUP($A4,'2023.10'!$A$2:$B$26,2,FALSE) -> 11 | G4: =VLOOKUP($A4,'2023.11'!$A$2:$B$26,2,FALSE) -> 11 | H4: =VLOOKUP($A4,'2023.12'!$A$2:$B$26,2,FALSE) -> 12 | I4: =VLOOKUP($A4,'2024.01'!$A$2:$B$26,2,FALSE) -> 8 | J4: =VLOOKUP($A4,'2024.02'!$A$2:$B$26,2,FALSE) -> 5 | K4: =VLOOKUP($A4,'2024.03'!$A$2:$B$26,2,FALSE) -> 13 | L4: =VLOOKUP($A4,'2024.04'!$A$2:$B$26,2,FALSE) -> 11 | M4: =VLOOKUP($A4,'2024.05'!$A$2:$B$27,2,FALSE) -> 14 | N4: =VLOOKUP($A4,'2024.06'!$A$2:$B$27,2,FALSE) -> 25 | O4: =VLOOKUP($A4,'2024.07'!$A$2:$B$27,2,FALSE) -> 20 | P4: =VLOOKUP($A4,'2024.08'!$A$2:$B$28,2,FALSE) -> 13 | Q4: =VLOOKUP($A4,'2024.09'!$A$2:$B$28,2,FALSE) -> 13 | R4: =VLOOKUP($A4,'2024.10'!$A$2:$B$28,2,FALSE) -> 15 | S4: =VLOOKUP($A4,'2024.11'!$A$2:$B$28,2,FALSE) -> 9 | T4: =VLOOKUP($A4,'2024.12'!$A$2:$B$28,2,FALSE) -> 19 | U4: =VLOOKUP($A4,'2025.01'!$A$2:$B$28,2,FALSE) -> 12 | V4: =VLOOKUP($A4,'2025.02'!$A$2:$B$28,2,FALSE) -> 9 | W4: =VLOOKUP($A4,'2025.03'!$A$2:$B$28,2,FALSE) -> 11 | X4: =VLOOKUP($A4,'2025.04'!$A$2:$B$28,2,FALSE) -> 8 | Y4: =VLOOKUP($A4,'2025.05'!$A$2:$B$28,2,FALSE) -> 8 | Z4: =VLOOKUP($A4,'2025.06'!$A$2:$B$28,2,FALSE) -> 7 | AA4: =VLOOKUP($A4,'2025.07'!$A$2:$B$28,2,FALSE) -> 17 | AB4: =VLOOKUP($A4,'2025.08'!$A$2:$B$28,2,FALSE) -> 12 | AC4: =VLOOKUP($A4,'2025.09'!$A$2:$B$28,2,FALSE) -> 5 | AD4: =VLOOKUP($A4,'2025.10'!$A$2:$B$28,2,FALSE) -> 13 | AE4: =VLOOKUP($A4,'2025.11'!$A$2:$B$28,2,FALSE) -> 10 | AF4: =VLOOKUP($A4,'2025.12'!$A$2:$B$28,2,FALSE) -> 9 | AG4: =VLOOKUP($A4,'2026.01'!$A$2:$B$28,2,FALSE) -> 7 | AH4: =VLOOKUP($A4,'2026.02'!$A$2:$B$28,2,FALSE) -> 1 | AI4: =VLOOKUP($A4,'2026.03'!$A$2:$B$28,2,FALSE) -> 5 | AJ4: =VLOOKUP($A4,'2026.04'!$A$2:$B$28,2,FALSE) -> 4 | AK4: =VLOOKUP($A4,'2026.05'!$A$2:$B$28,2,FALSE) -> 6
A5: 대전 | B5: =SUM(F5:AS5) -> 343 | C5: =B5/B$30 -> 0.084441162 | D5: =SUM(I5:T5) -> 151 | E5: =SUM(U5:AF5) -> 139 | F5: =VLOOKUP($A5,'2023.10'!$A$2:$B$26,2,FALSE) -> 7 | G5: =VLOOKUP($A5,'2023.11'!$A$2:$B$26,2,FALSE) -> 6 | H5: =VLOOKUP($A5,'2023.12'!$A$2:$B$26,2,FALSE) -> 13 | I5: =VLOOKUP($A5,'2024.01'!$A$2:$B$26,2,FALSE) -> 7 | J5: =VLOOKUP($A5,'2024.02'!$A$2:$B$26,2,FALSE) -> 10 | K5: =VLOOKUP($A5,'2024.03'!$A$2:$B$26,2,FALSE) -> 21 | L5: =VLOOKUP($A5,'2024.04'!$A$2:$B$26,2,FALSE) -> 8 | M5: =VLOOKUP($A5,'2024.05'!$A$2:$B$27,2,FALSE) -> 13 | N5: =VLOOKUP($A5,'2024.06'!$A$2:$B$27,2,FALSE) -> 13 | O5: =VLOOKUP($A5,'2024.07'!$A$2:$B$27,2,FALSE) -> 14 | P5: =VLOOKUP($A5,'2024.08'!$A$2:$B$28,2,FALSE) -> 15 | Q5: =VLOOKUP($A5,'2024.09'!$A$2:$B$28,2,FALSE) -> 12 | R5: =VLOOKUP($A5,'2024.10'!$A$2:$B$28,2,FALSE) -> 14 | S5: =VLOOKUP($A5,'2024.11'!$A$2:$B$28,2,FALSE) -> 16 | T5: =VLOOKUP($A5,'2024.12'!$A$2:$B$28,2,FALSE) -> 8 | U5: =VLOOKUP($A5,'2025.01'!$A$2:$B$28,2,FALSE) -> 10 | V5: =VLOOKUP($A5,'2025.02'!$A$2:$B$28,2,FALSE) -> 12 | W5: =VLOOKUP($A5,'2025.03'!$A$2:$B$28,2,FALSE) -> 19 | X5: =VLOOKUP($A5,'2025.04'!$A$2:$B$28,2,FALSE) -> 12 | Y5: =VLOOKUP($A5,'2025.05'!$A$2:$B$28,2,FALSE) -> 16 | Z5: =VLOOKUP($A5,'2025.06'!$A$2:$B$28,2,FALSE) -> 14 | AA5: =VLOOKUP($A5,'2025.07'!$A$2:$B$28,2,FALSE) -> 16 | AB5: =VLOOKUP($A5,'2025.08'!$A$2:$B$28,2,FALSE) -> 17 | AC5: =VLOOKUP($A5,'2025.09'!$A$2:$B$28,2,FALSE) -> 12 | AD5: =VLOOKUP($A5,'2025.10'!$A$2:$B$28,2,FALSE) -> 6 | AE5: =VLOOKUP($A5,'2025.11'!$A$2:$B$28,2,FALSE) -> 3 | AF5: =VLOOKUP($A5,'2025.12'!$A$2:$B$28,2,FALSE) -> 2 | AG5: =VLOOKUP($A5,'2026.01'!$A$2:$B$28,2,FALSE) -> 2 | AH5: =VLOOKUP($A5,'2026.02'!$A$2:$B$28,2,FALSE) -> 10 | AI5: =VLOOKUP($A5,'2026.03'!$A$2:$B$28,2,FALSE) -> 2 | AJ5: =VLOOKUP($A5,'2026.04'!$A$2:$B$28,2,FALSE) -> 4 | AK5: =VLOOKUP($A5,'2026.05'!$A$2:$B$28,2,FALSE) -> 9
A6: 캠페인 | B6: =SUM(F6:AS6) -> 192 | C6: =B6/B$30 -> 0.047267356 | D6: =SUM(I6:T6) -> 86 | E6: =SUM(U6:AF6) -> 54 | F6: =VLOOKUP($A6,'2023.10'!$A$2:$B$26,2,FALSE) -> 9 | G6: =VLOOKUP($A6,'2023.11'!$A$2:$B$26,2,FALSE) -> 12 | H6: =VLOOKUP($A6,'2023.12'!$A$2:$B$26,2,FALSE) -> 7 | I6: =VLOOKUP($A6,'2024.01'!$A$2:$B$26,2,FALSE) -> 7 | J6: =VLOOKUP($A6,'2024.02'!$A$2:$B$26,2,FALSE) -> 5 | K6: =VLOOKUP($A6,'2024.03'!$A$2:$B$26,2,FALSE) -> 14 | L6: =VLOOKUP($A6,'2024.04'!$A$2:$B$26,2,FALSE) -> 6 | M6: =VLOOKUP($A6,'2024.05'!$A$2:$B$27,2,FALSE) -> 8 | N6: =VLOOKUP($A6,'2024.06'!$A$2:$B$27,2,FALSE) -> 4 | O6: =VLOOKUP($A6,'2024.07'!$A$2:$B$27,2,FALSE) -> 9 | P6: =VLOOKUP($A6,'2024.08'!$A$2:$B$28,2,FALSE) -> 8 | Q6: =VLOOKUP($A6,'2024.09'!$A$2:$B$28,2,FALSE) -> 7 | R6: =VLOOKUP($A6,'2024.10'!$A$2:$B$28,2,FALSE) -> 7 | S6: =VLOOKUP($A6,'2024.11'!$A$2:$B$28,2,FALSE) -> 6 | T6: =VLOOKUP($A6,'2024.12'!$A$2:$B$28,2,FALSE) -> 5 | U6: =VLOOKUP($A6,'2025.01'!$A$2:$B$28,2,FALSE) -> 2 | V6: =VLOOKUP($A6,'2025.02'!$A$2:$B$28,2,FALSE) -> 13 | W6: =VLOOKUP($A6,'2025.03'!$A$2:$B$28,2,FALSE) -> 7 | X6: =VLOOKUP($A6,'2025.04'!$A$2:$B$28,2,FALSE) -> 2 | Y6: =VLOOKUP($A6,'2025.05'!$A$2:$B$28,2,FALSE) -> 3 | Z6: =VLOOKUP($A6,'2025.06'!$A$2:$B$28,2,FALSE) -> 3 | AA6: =VLOOKUP($A6,'2025.07'!$A$2:$B$28,2,FALSE) -> 3 | AB6: =VLOOKUP($A6,'2025.08'!$A$2:$B$28,2,FALSE) -> 3 | AC6: =VLOOKUP($A6,'2025.09'!$A$2:$B$28,2,FALSE) -> 3 | AD6: =VLOOKUP($A6,'2025.10'!$A$2:$B$28,2,FALSE) -> 6 | AE6: =VLOOKUP($A6,'2025.11'!$A$2:$B$28,2,FALSE) -> 2 | AF6: =VLOOKUP($A6,'2025.12'!$A$2:$B$28,2,FALSE) -> 7 | AG6: =VLOOKUP($A6,'2026.01'!$A$2:$B$28,2,FALSE) -> 7 | AH6: =VLOOKUP($A6,'2026.02'!$A$2:$B$28,2,FALSE) -> 10 | AI6: =VLOOKUP($A6,'2026.03'!$A$2:$B$28,2,FALSE) -> 1 | AJ6: =VLOOKUP($A6,'2026.04'!$A$2:$B$28,2,FALSE) -> 3 | AK6: =VLOOKUP($A6,'2026.05'!$A$2:$B$28,2,FALSE) -> 3
A7: 컨트롤 | B7: =SUM(F7:AS7) -> 178 | C7: =B7/B$30 -> 0.043820778 | D7: =SUM(I7:T7) -> 76 | E7: =SUM(U7:AF7) -> 52 | F7: =VLOOKUP($A7,'2023.10'!$A$2:$B$26,2,FALSE) -> 8 | G7: =VLOOKUP($A7,'2023.11'!$A$2:$B$26,2,FALSE) -> 6 | H7: =VLOOKUP($A7,'2023.12'!$A$2:$B$26,2,FALSE) -> 11 | I7: =VLOOKUP($A7,'2024.01'!$A$2:$B$26,2,FALSE) -> 12 | J7: =VLOOKUP($A7,'2024.02'!$A$2:$B$26,2,FALSE) -> 8 | K7: =VLOOKUP($A7,'2024.03'!$A$2:$B$26,2,FALSE) -> 4 | L7: =VLOOKUP($A7,'2024.04'!$A$2:$B$26,2,FALSE) -> 4 | M7: =VLOOKUP($A7,'2024.05'!$A$2:$B$27,2,FALSE) -> 7 | N7: =VLOOKUP($A7,'2024.06'!$A$2:$B$27,2,FALSE) -> 14 | O7: =VLOOKUP($A7,'2024.07'!$A$2:$B$27,2,FALSE) -> 8 | P7: =VLOOKUP($A7,'2024.08'!$A$2:$B$28,2,FALSE) -> 5 | Q7: =VLOOKUP($A7,'2024.09'!$A$2:$B$28,2,FALSE) -> 7 | R7: =VLOOKUP($A7,'2024.10'!$A$2:$B$28,2,FALSE) -> 3 | S7: =VLOOKUP($A7,'2024.11'!$A$2:$B$28,2,FALSE) -> 3 | T7: =VLOOKUP($A7,'2024.12'!$A$2:$B$28,2,FALSE) -> 1 | U7: =VLOOKUP($A7,'2025.01'!$A$2:$B$28,2,FALSE) -> 1 | V7: =VLOOKUP($A7,'2025.02'!$A$2:$B$28,2,FALSE) -> 1 | W7: =VLOOKUP($A7,'2025.03'!$A$2:$B$28,2,FALSE) -> 1 | X7: =VLOOKUP($A7,'2025.04'!$A$2:$B$28,2,FALSE) -> 2 | Y7: =VLOOKUP($A7,'2025.05'!$A$2:$B$28,2,FALSE) -> 3 | Z7: =VLOOKUP($A7,'2025.06'!$A$2:$B$28,2,FALSE) -> 3 | AA7: =VLOOKUP($A7,'2025.07'!$A$2:$B$28,2,FALSE) -> 6 | AB7: =VLOOKUP($A7,'2025.08'!$A$2:$B$28,2,FALSE) -> 15 | AC7: =VLOOKUP($A7,'2025.09'!$A$2:$B$28,2,FALSE) -> 7 | AD7: =VLOOKUP($A7,'2025.10'!$A$2:$B$28,2,FALSE) -> 3 | AE7: =VLOOKUP($A7,'2025.11'!$A$2:$B$28,2,FALSE) -> 5 | AF7: =VLOOKUP($A7,'2025.12'!$A$2:$B$28,2,FALSE) -> 5 | AG7: =VLOOKUP($A7,'2026.01'!$A$2:$B$28,2,FALSE) -> 5 | AH7: =VLOOKUP($A7,'2026.02'!$A$2:$B$28,2,FALSE) -> 1 | AI7: =VLOOKUP($A7,'2026.03'!$A$2:$B$28,2,FALSE) -> 4 | AJ7: =VLOOKUP($A7,'2026.04'!$A$2:$B$28,2,FALSE) -> 11 | AK7: =VLOOKUP($A7,'2026.05'!$A$2:$B$28,2,FALSE) -> 4
A8: RPG | B8: =SUM(F8:AS8) -> 192 | C8: =B8/B$30 -> 0.047267356 | D8: =SUM(I8:T8) -> 84 | E8: =SUM(U8:AF8) -> 66 | F8: =VLOOKUP($A8,'2023.10'!$A$2:$B$26,2,FALSE) -> 8 | G8: =VLOOKUP($A8,'2023.11'!$A$2:$B$26,2,FALSE) -> 2 | H8: =VLOOKUP($A8,'2023.12'!$A$2:$B$26,2,FALSE) -> 6 | I8: =VLOOKUP($A8,'2024.01'!$A$2:$B$26,2,FALSE) -> 6 | J8: =VLOOKUP($A8,'2024.02'!$A$2:$B$26,2,FALSE) -> 6 | K8: =VLOOKUP($A8,'2024.03'!$A$2:$B$26,2,FALSE) -> 8 | L8: =VLOOKUP($A8,'2024.04'!$A$2:$B$26,2,FALSE) -> 12 | M8: =VLOOKUP($A8,'2024.05'!$A$2:$B$27,2,FALSE) -> 10 | N8: =VLOOKUP($A8,'2024.06'!$A$2:$B$27,2,FALSE) -> 13 | O8: =VLOOKUP($A8,'2024.07'!$A$2:$B$27,2,FALSE) -> 6 | P8: =VLOOKUP($A8,'2024.08'!$A$2:$B$28,2,FALSE) -> 9 | Q8: =VLOOKUP($A8,'2024.09'!$A$2:$B$28,2,FALSE) -> 3 | R8: =VLOOKUP($A8,'2024.10'!$A$2:$B$28,2,FALSE) -> 2 | S8: =VLOOKUP($A8,'2024.11'!$A$2:$B$28,2,FALSE) -> 3 | T8: =VLOOKUP($A8,'2024.12'!$A$2:$B$28,2,FALSE) -> 6 | U8: =VLOOKUP($A8,'2025.01'!$A$2:$B$28,2,FALSE) -> 3 | V8: =VLOOKUP($A8,'2025.02'!$A$2:$B$28,2,FALSE) -> 4 | W8: =VLOOKUP($A8,'2025.03'!$A$2:$B$28,2,FALSE) -> 8 | X8: =VLOOKUP($A8,'2025.04'!$A$2:$B$28,2,FALSE) -> 6 | Y8: =VLOOKUP($A8,'2025.05'!$A$2:$B$28,2,FALSE) -> 11 | Z8: =VLOOKUP($A8,'2025.06'!$A$2:$B$28,2,FALSE) -> 3 | AA8: =VLOOKUP($A8,'2025.07'!$A$2:$B$28,2,FALSE) -> 5 | AB8: =VLOOKUP($A8,'2025.08'!$A$2:$B$28,2,FALSE) -> 8 | AC8: =VLOOKUP($A8,'2025.09'!$A$2:$B$28,2,FALSE) -> 4 | AD8: =VLOOKUP($A8,'2025.10'!$A$2:$B$28,2,FALSE) -> 7 | AE8: =VLOOKUP($A8,'2025.11'!$A$2:$B$28,2,FALSE) -> 1 | AF8: =VLOOKUP($A8,'2025.12'!$A$2:$B$28,2,FALSE) -> 6 | AG8: =VLOOKUP($A8,'2026.01'!$A$2:$B$28,2,FALSE) -> 6 | AH8: =VLOOKUP($A8,'2026.02'!$A$2:$B$28,2,FALSE) -> 2 | AI8: =VLOOKUP($A8,'2026.03'!$A$2:$B$28,2,FALSE) -> 3 | AJ8: =VLOOKUP($A8,'2026.04'!$A$2:$B$28,2,FALSE) -> 13 | AK8: =VLOOKUP($A8,'2026.05'!$A$2:$B$28,2,FALSE) -> 2
A9: 미니게임 | B9: =SUM(F9:AS9) -> 86 | C9: =B9/B$30 -> 0.021171837 | D9: =SUM(I9:T9) -> 56 | E9: =SUM(U9:AF9) -> 20 | F9: =VLOOKUP($A9,'2023.10'!$A$2:$B$26,2,FALSE) -> 1 | G9: =VLOOKUP($A9,'2023.11'!$A$2:$B$26,2,FALSE) -> 4 | H9: =VLOOKUP($A9,'2023.12'!$A$2:$B$26,2,FALSE) -> 5 | I9: =VLOOKUP($A9,'2024.01'!$A$2:$B$26,2,FALSE) -> 6 | J9: =VLOOKUP($A9,'2024.02'!$A$2:$B$26,2,FALSE) -> 4 | K9: =VLOOKUP($A9,'2024.03'!$A$2:$B$26,2,FALSE) -> 4 | L9: =VLOOKUP($A9,'2024.04'!$A$2:$B$26,2,FALSE) -> 7 | M9: =VLOOKUP($A9,'2024.05'!$A$2:$B$27,2,FALSE) -> 9 | N9: =VLOOKUP($A9,'2024.06'!$A$2:$B$27,2,FALSE) -> 6 | O9: =VLOOKUP($A9,'2024.07'!$A$2:$B$27,2,FALSE) -> 6 | P9: =VLOOKUP($A9,'2024.08'!$A$2:$B$28,2,FALSE) -> 6 | Q9: =VLOOKUP($A9,'2024.09'!$A$2:$B$28,2,FALSE) -> 4 | R9: =VLOOKUP($A9,'2024.10'!$A$2:$B$28,2,FALSE) -> 1 | S9: =VLOOKUP($A9,'2024.11'!$A$2:$B$28,2,FALSE) -> 1 | T9: =VLOOKUP($A9,'2024.12'!$A$2:$B$28,2,FALSE) -> 2 | U9: =VLOOKUP($A9,'2025.01'!$A$2:$B$28,2,FALSE) -> 0 | V9: =VLOOKUP($A9,'2025.02'!$A$2:$B$28,2,FALSE) -> 3 | W9: =VLOOKUP($A9,'2025.03'!$A$2:$B$28,2,FALSE) -> 2 | X9: =VLOOKUP($A9,'2025.04'!$A$2:$B$28,2,FALSE) -> 2 | Y9: =VLOOKUP($A9,'2025.05'!$A$2:$B$28,2,FALSE) -> 3 | Z9: =VLOOKUP($A9,'2025.06'!$A$2:$B$28,2,FALSE) -> 2 | AA9: =VLOOKUP($A9,'2025.07'!$A$2:$B$28,2,FALSE) -> 3 | AB9: =VLOOKUP($A9,'2025.08'!$A$2:$B$28,2,FALSE) -> 3 | AC9: =VLOOKUP($A9,'2025.09'!$A$2:$B$28,2,FALSE) -> 0 | AD9: =VLOOKUP($A9,'2025.10'!$A$2:$B$28,2,FALSE) -> 2 | AE9: =VLOOKUP($A9,'2025.11'!$A$2:$B$28,2,FALSE) -> 0 | AF9: =VLOOKUP($A9,'2025.12'!$A$2:$B$28,2,FALSE) -> 0 | AG9: =VLOOKUP($A9,'2026.01'!$A$2:$B$28,2,FALSE) -> 0 | AH9: =VLOOKUP($A9,'2026.02'!$A$2:$B$28,2,FALSE) -> 0 | AI9: =VLOOKUP($A9,'2026.03'!$A$2:$B$28,2,FALSE) -> 0 | AJ9: =VLOOKUP($A9,'2026.04'!$A$2:$B$28,2,FALSE) -> 0 | AK9: =VLOOKUP($A9,'2026.05'!$A$2:$B$28,2,FALSE) -> 0
A10: 기타 | B10: =SUM(F10:AS10) -> 95 | C10: =B10/B$30 -> 0.023387494 | D10: =SUM(I10:T10) -> 41 | E10: =SUM(U10:AF10) -> 28 | F10: =VLOOKUP($A10,'2023.10'!$A$2:$B$26,2,FALSE) -> 3 | G10: =VLOOKUP($A10,'2023.11'!$A$2:$B$26,2,FALSE) -> 5 | H10: =VLOOKUP($A10,'2023.12'!$A$2:$B$26,2,FALSE) -> 3 | I10: =VLOOKUP($A10,'2024.01'!$A$2:$B$26,2,FALSE) -> 10 | J10: =VLOOKUP($A10,'2024.02'!$A$2:$B$26,2,FALSE) -> 7 | K10: =VLOOKUP($A10,'2024.03'!$A$2:$B$26,2,FALSE) -> 6 | L10: =VLOOKUP($A10,'2024.04'!$A$2:$B$26,2,FALSE) -> 7 | M10: =VLOOKUP($A10,'2024.05'!$A$2:$B$27,2,FALSE) -> 2 | N10: =VLOOKUP($A10,'2024.06'!$A$2:$B$27,2,FALSE) -> 5 | O10: =VLOOKUP($A10,'2024.07'!$A$2:$B$27,2,FALSE) -> 1 | P10: =VLOOKUP($A10,'2024.08'!$A$2:$B$28,2,FALSE) -> 1 | Q10: =VLOOKUP($A10,'2024.09'!$A$2:$B$28,2,FALSE) -> 0 | R10: =VLOOKUP($A10,'2024.10'!$A$2:$B$28,2,FALSE) -> 0 | S10: =VLOOKUP($A10,'2024.11'!$A$2:$B$28,2,FALSE) -> 1 | T10: =VLOOKUP($A10,'2024.12'!$A$2:$B$28,2,FALSE) -> 1 | U10: =VLOOKUP($A10,'2025.01'!$A$2:$B$28,2,FALSE) -> 6 | V10: =VLOOKUP($A10,'2025.02'!$A$2:$B$28,2,FALSE) -> 2 | W10: =VLOOKUP($A10,'2025.03'!$A$2:$B$28,2,FALSE) -> 1 | X10: =VLOOKUP($A10,'2025.04'!$A$2:$B$28,2,FALSE) -> 0 | Y10: =VLOOKUP($A10,'2025.05'!$A$2:$B$28,2,FALSE) -> 1 | Z10: =VLOOKUP($A10,'2025.06'!$A$2:$B$28,2,FALSE) -> 1 | AA10: =VLOOKUP($A10,'2025.07'!$A$2:$B$28,2,FALSE) -> 4 | AB10: =VLOOKUP($A10,'2025.08'!$A$2:$B$28,2,FALSE) -> 3 | AC10: =VLOOKUP($A10,'2025.09'!$A$2:$B$28,2,FALSE) -> 4 | AD10: =VLOOKUP($A10,'2025.10'!$A$2:$B$28,2,FALSE) -> 2 | AE10: =VLOOKUP($A10,'2025.11'!$A$2:$B$28,2,FALSE) -> 2 | AF10: =VLOOKUP($A10,'2025.12'!$A$2:$B$28,2,FALSE) -> 2 | AG10: =VLOOKUP($A10,'2026.01'!$A$2:$B$28,2,FALSE) -> 2 | AH10: =VLOOKUP($A10,'2026.02'!$A$2:$B$28,2,FALSE) -> 0 | AI10: =VLOOKUP($A10,'2026.03'!$A$2:$B$28,2,FALSE) -> 3 | AJ10: =VLOOKUP($A10,'2026.04'!$A$2:$B$28,2,FALSE) -> 4 | AK10: =VLOOKUP($A10,'2026.05'!$A$2:$B$28,2,FALSE) -> 6
A11: 디플로메시 | B11: =SUM(F11:AS11) -> 70 | C11: =B11/B$30 -> 0.01723289 | D11: =SUM(I11:T11) -> 48 | E11: =SUM(U11:AF11) -> 9 | F11: =VLOOKUP($A11,'2023.10'!$A$2:$B$26,2,FALSE) -> 3 | G11: =VLOOKUP($A11,'2023.11'!$A$2:$B$26,2,FALSE) -> 3 | H11: =VLOOKUP($A11,'2023.12'!$A$2:$B$26,2,FALSE) -> 2 | I11: =VLOOKUP($A11,'2024.01'!$A$2:$B$26,2,FALSE) -> 1 | J11: =VLOOKUP($A11,'2024.02'!$A$2:$B$26,2,FALSE) -> 1 | K11: =VLOOKUP($A11,'2024.03'!$A$2:$B$26,2,FALSE) -> 9 | L11: =VLOOKUP($A11,'2024.04'!$A$2:$B$26,2,FALSE) -> 3 | M11: =VLOOKUP($A11,'2024.05'!$A$2:$B$27,2,FALSE) -> 4 | N11: =VLOOKUP($A11,'2024.06'!$A$2:$B$27,2,FALSE) -> 5 | O11: =VLOOKUP($A11,'2024.07'!$A$2:$B$27,2,FALSE) -> 6 | P11: =VLOOKUP($A11,'2024.08'!$A$2:$B$28,2,FALSE) -> 6 | Q11: =VLOOKUP($A11,'2024.09'!$A$2:$B$28,2,FALSE) -> 5 | R11: =VLOOKUP($A11,'2024.10'!$A$2:$B$28,2,FALSE) -> 5 | S11: =VLOOKUP($A11,'2024.11'!$A$2:$B$28,2,FALSE) -> 2 | T11: =VLOOKUP($A11,'2024.12'!$A$2:$B$28,2,FALSE) -> 1 | U11: =VLOOKUP($A11,'2025.01'!$A$2:$B$28,2,FALSE) -> 0 | V11: =VLOOKUP($A11,'2025.02'!$A$2:$B$28,2,FALSE) -> 0 | W11: =VLOOKUP($A11,'2025.03'!$A$2:$B$28,2,FALSE) -> 2 | X11: =VLOOKUP($A11,'2025.04'!$A$2:$B$28,2,FALSE) -> 0 | Y11: =VLOOKUP($A11,'2025.05'!$A$2:$B$28,2,FALSE) -> 0 | Z11: =VLOOKUP($A11,'2025.06'!$A$2:$B$28,2,FALSE) -> 1 | AA11: =VLOOKUP($A11,'2025.07'!$A$2:$B$28,2,FALSE) -> 1 | AB11: =VLOOKUP($A11,'2025.08'!$A$2:$B$28,2,FALSE) -> 1 | AC11: =VLOOKUP($A11,'2025.09'!$A$2:$B$28,2,FALSE) -> 1 | AD11: =VLOOKUP($A11,'2025.10'!$A$2:$B$28,2,FALSE) -> 3 | AE11: =VLOOKUP($A11,'2025.11'!$A$2:$B$28,2,FALSE) -> 0 | AF11: =VLOOKUP($A11,'2025.12'!$A$2:$B$28,2,FALSE) -> 0 | AG11: =VLOOKUP($A11,'2026.01'!$A$2:$B$28,2,FALSE) -> 0 | AH11: =VLOOKUP($A11,'2026.02'!$A$2:$B$28,2,FALSE) -> 1 | AI11: =VLOOKUP($A11,'2026.03'!$A$2:$B$28,2,FALSE) -> 1 | AJ11: =VLOOKUP($A11,'2026.04'!$A$2:$B$28,2,FALSE) -> 3 | AK11: =VLOOKUP($A11,'2026.05'!$A$2:$B$28,2,FALSE) -> 0
A12: 서바이벌 | B12: =SUM(F12:AS12) -> 159 | C12: =B12/B$30 -> 0.039143279 | D12: =SUM(I12:T12) -> 45 | E12: =SUM(U12:AF12) -> 85 | F12: =VLOOKUP($A12,'2023.10'!$A$2:$B$26,2,FALSE) -> 4 | G12: =VLOOKUP($A12,'2023.11'!$A$2:$B$26,2,FALSE) -> 5 | H12: =VLOOKUP($A12,'2023.12'!$A$2:$B$26,2,FALSE) -> 3 | I12: =VLOOKUP($A12,'2024.01'!$A$2:$B$26,2,FALSE) -> 5 | J12: =VLOOKUP($A12,'2024.02'!$A$2:$B$26,2,FALSE) -> 8 | K12: =VLOOKUP($A12,'2024.03'!$A$2:$B$26,2,FALSE) -> 3 | L12: =VLOOKUP($A12,'2024.04'!$A$2:$B$26,2,FALSE) -> 2 | M12: =VLOOKUP($A12,'2024.05'!$A$2:$B$27,2,FALSE) -> 2 | N12: =VLOOKUP($A12,'2024.06'!$A$2:$B$27,2,FALSE) -> 1 | O12: =VLOOKUP($A12,'2024.07'!$A$2:$B$27,2,FALSE) -> 2 | P12: =VLOOKUP($A12,'2024.08'!$A$2:$B$28,2,FALSE) -> 6 | Q12: =VLOOKUP($A12,'2024.09'!$A$2:$B$28,2,FALSE) -> 4 | R12: =VLOOKUP($A12,'2024.10'!$A$2:$B$28,2,FALSE) -> 2 | S12: =VLOOKUP($A12,'2024.11'!$A$2:$B$28,2,FALSE) -> 6 | T12: =VLOOKUP($A12,'2024.12'!$A$2:$B$28,2,FALSE) -> 4 | U12: =VLOOKUP($A12,'2025.01'!$A$2:$B$28,2,FALSE) -> 4 | V12: =VLOOKUP($A12,'2025.02'!$A$2:$B$28,2,FALSE) -> 11 | W12: =VLOOKUP($A12,'2025.03'!$A$2:$B$28,2,FALSE) -> 7 | X12: =VLOOKUP($A12,'2025.04'!$A$2:$B$28,2,FALSE) -> 3 | Y12: =VLOOKUP($A12,'2025.05'!$A$2:$B$28,2,FALSE) -> 7 | Z12: =VLOOKUP($A12,'2025.06'!$A$2:$B$28,2,FALSE) -> 14 | AA12: =VLOOKUP($A12,'2025.07'!$A$2:$B$28,2,FALSE) -> 10 | AB12: =VLOOKUP($A12,'2025.08'!$A$2:$B$28,2,FALSE) -> 6 | AC12: =VLOOKUP($A12,'2025.09'!$A$2:$B$28,2,FALSE) -> 5 | AD12: =VLOOKUP($A12,'2025.10'!$A$2:$B$28,2,FALSE) -> 6 | AE12: =VLOOKUP($A12,'2025.11'!$A$2:$B$28,2,FALSE) -> 5 | AF12: =VLOOKUP($A12,'2025.12'!$A$2:$B$28,2,FALSE) -> 7 | AG12: =VLOOKUP($A12,'2026.01'!$A$2:$B$28,2,FALSE) -> 7 | AH12: =VLOOKUP($A12,'2026.02'!$A$2:$B$28,2,FALSE) -> 1 | AI12: =VLOOKUP($A12,'2026.03'!$A$2:$B$28,2,FALSE) -> 3 | AJ12: =VLOOKUP($A12,'2026.04'!$A$2:$B$28,2,FALSE) -> 5 | AK12: =VLOOKUP($A12,'2026.05'!$A$2:$B$28,2,FALSE) -> 1
A13: 키우기 | B13: =SUM(F13:AS13) -> 101 | C13: =B13/B$30 -> 0.024864599 | D13: =SUM(I13:T13) -> 48 | E13: =SUM(U13:AF13) -> 41 | F13: =VLOOKUP($A13,'2023.10'!$A$2:$B$26,2,FALSE) -> 2 | G13: =VLOOKUP($A13,'2023.11'!$A$2:$B$26,2,FALSE) -> 1 | H13: =VLOOKUP($A13,'2023.12'!$A$2:$B$26,2,FALSE) -> 3 | I13: =VLOOKUP($A13,'2024.01'!$A$2:$B$26,2,FALSE) -> 1 | J13: =VLOOKUP($A13,'2024.02'!$A$2:$B$26,2,FALSE) -> 1 | K13: =VLOOKUP($A13,'2024.03'!$A$2:$B$26,2,FALSE) -> 2 | L13: =VLOOKUP($A13,'2024.04'!$A$2:$B$26,2,FALSE) -> 3 | M13: =VLOOKUP($A13,'2024.05'!$A$2:$B$27,2,FALSE) -> 2 | N13: =VLOOKUP($A13,'2024.06'!$A$2:$B$27,2,FALSE) -> 3 | O13: =VLOOKUP($A13,'2024.07'!$A$2:$B$27,2,FALSE) -> 10 | P13: =VLOOKUP($A13,'2024.08'!$A$2:$B$28,2,FALSE) -> 10 | Q13: =VLOOKUP($A13,'2024.09'!$A$2:$B$28,2,FALSE) -> 6 | R13: =VLOOKUP($A13,'2024.10'!$A$2:$B$28,2,FALSE) -> 3 | S13: =VLOOKUP($A13,'2024.11'!$A$2:$B$28,2,FALSE) -> 6 | T13: =VLOOKUP($A13,'2024.12'!$A$2:$B$28,2,FALSE) -> 1 | U13: =VLOOKUP($A13,'2025.01'!$A$2:$B$28,2,FALSE) -> 1 | V13: =VLOOKUP($A13,'2025.02'!$A$2:$B$28,2,FALSE) -> 5 | W13: =VLOOKUP($A13,'2025.03'!$A$2:$B$28,2,FALSE) -> 4 | X13: =VLOOKUP($A13,'2025.04'!$A$2:$B$28,2,FALSE) -> 6 | Y13: =VLOOKUP($A13,'2025.05'!$A$2:$B$28,2,FALSE) -> 4 | Z13: =VLOOKUP($A13,'2025.06'!$A$2:$B$28,2,FALSE) -> 4 | AA13: =VLOOKUP($A13,'2025.07'!$A$2:$B$28,2,FALSE) -> 6 | AB13: =VLOOKUP($A13,'2025.08'!$A$2:$B$28,2,FALSE) -> 4 | AC13: =VLOOKUP($A13,'2025.09'!$A$2:$B$28,2,FALSE) -> 3 | AD13: =VLOOKUP($A13,'2025.10'!$A$2:$B$28,2,FALSE) -> 3 | AE13: =VLOOKUP($A13,'2025.11'!$A$2:$B$28,2,FALSE) -> 0 | AF13: =VLOOKUP($A13,'2025.12'!$A$2:$B$28,2,FALSE) -> 1 | AG13: =VLOOKUP($A13,'2026.01'!$A$2:$B$28,2,FALSE) -> 1 | AH13: =VLOOKUP($A13,'2026.02'!$A$2:$B$28,2,FALSE) -> 2 | AI13: =VLOOKUP($A13,'2026.03'!$A$2:$B$28,2,FALSE) -> 1 | AJ13: =VLOOKUP($A13,'2026.04'!$A$2:$B$28,2,FALSE) -> 1 | AK13: =VLOOKUP($A13,'2026.05'!$A$2:$B$28,2,FALSE) -> 1
... A16: 밀리기반 | B16: =SUM(F16:AS16) -> 53 | C16: =B16/B$30 -> 0.01304776 | D16: =SUM(I16:T16) -> 19 | E16: =SUM(U16:AF16) -> 25 | F16: =VLOOKUP($A16,'2023.10'!$A$2:$B$26,2,FALSE) -> 2 | G16: =VLOOKUP($A16,'2023.11'!$A$2:$B$26,2,FALSE) -> 3 | H16: =VLOOKUP($A16,'2023.12'!$A$2:$B$26,2,FALSE) -> 2 | I16: =VLOOKUP($A16,'2024.01'!$A$2:$B$26,2,FALSE) -> 2 | J16: =VLOOKUP($A16,'2024.02'!$A$2:$B$26,2,FALSE) -> 6 | K16: =VLOOKUP($A16,'2024.03'!$A$2:$B$26,2,FALSE) -> 2 | L16: =VLOOKUP($A16,'2024.04'!$A$2:$B$26,2,FALSE) -> 1 | M16: =VLOOKUP($A16,'2024.05'!$A$2:$B$27,2,FALSE) -> 0 | N16: =VLOOKUP($A16,'2024.06'!$A$2:$B$27,2,FALSE) -> 2 | O16: =VLOOKUP($A16,'2024.07'!$A$2:$B$27,2,FALSE) -> 0 | P16: =VLOOKUP($A16,'2024.08'!$A$2:$B$28,2,FALSE) -> 1 | Q16: =VLOOKUP($A16,'2024.09'!$A$2:$B$28,2,FALSE) -> 3 | R16: =VLOOKUP($A16,'2024.10'!$A$2:$B$28,2,FALSE) -> 1 | S16: =VLOOKUP($A16,'2024.11'!$A$2:$B$28,2,FALSE) -> 0 | T16: =VLOOKUP($A16,'2024.12'!$A$2:$B$28,2,FALSE) -> 1 | U16: =VLOOKUP($A16,'2025.01'!$A$2:$B$28,2,FALSE) -> 2 | V16: =VLOOKUP($A16,'2025.02'!$A$2:$B$28,2,FALSE) -> 3 | W16: =VLOOKUP($A16,'2025.03'!$A$2:$B$28,2,FALSE) -> 2 | X16: =VLOOKUP($A16,'2025.04'!$A$2:$B$28,2,FALSE) -> 1 | Y16: =VLOOKUP($A16,'2025.05'!$A$2:$B$28,2,FALSE) -> 9 | Z16: =VLOOKUP($A16,'2025.06'!$A$2:$B$28,2,FALSE) -> 3 | AA16: =VLOOKUP($A16,'2025.07'!$A$2:$B$28,2,FALSE) -> 0 | AB16: =VLOOKUP($A16,'2025.08'!$A$2:$B$28,2,FALSE) -> 1 | AC16: =VLOOKUP($A16,'2025.09'!$A$2:$B$28,2,FALSE) -> 0 | AD16: =VLOOKUP($A16,'2025.10'!$A$2:$B$28,2,FALSE) -> 2 | AE16: =VLOOKUP($A16,'2025.11'!$A$2:$B$28,2,FALSE) -> 1 | AF16: =VLOOKUP($A16,'2025.12'!$A$2:$B$28,2,FALSE) -> 1 | AG16: =VLOOKUP($A16,'2026.01'!$A$2:$B$28,2,FALSE) -> 1 | AH16: =VLOOKUP($A16,'2026.02'!$A$2:$B$28,2,FALSE) -> 0 | AI16: =VLOOKUP($A16,'2026.03'!$A$2:$B$28,2,FALSE) -> 0 | AJ16: =VLOOKUP($A16,'2026.04'!$A$2:$B$28,2,FALSE) -> 0 | AK16: =VLOOKUP($A16,'2026.05'!$A$2:$B$28,2,FALSE) -> 1
A17: 호환요청 | B17: =SUM(F17:AS17) -> 75 | C17: =B17/B$30 -> 0.018463811 | D17: =SUM(I17:T17) -> 35 | E17: =SUM(U17:AF17) -> 31 | M17: =VLOOKUP($A17,'2024.05'!$A$2:$B$27,2,FALSE) -> 2 | N17: =VLOOKUP($A17,'2024.06'!$A$2:$B$27,2,FALSE) -> 2 | O17: =VLOOKUP($A17,'2024.07'!$A$2:$B$27,2,FALSE) -> 4 | P17: =VLOOKUP($A17,'2024.08'!$A$2:$B$28,2,FALSE) -> 9 | Q17: =VLOOKUP($A17,'2024.09'!$A$2:$B$28,2,FALSE) -> 4 | R17: =VLOOKUP($A17,'2024.10'!$A$2:$B$28,2,FALSE) -> 4 | S17: =VLOOKUP($A17,'2024.11'!$A$2:$B$28,2,FALSE) -> 8 | T17: =VLOOKUP($A17,'2024.12'!$A$2:$B$28,2,FALSE) -> 2 | U17: =VLOOKUP($A17,'2025.01'!$A$2:$B$28,2,FALSE) -> 6 | V17: =VLOOKUP($A17,'2025.02'!$A$2:$B$28,2,FALSE) -> 2 | W17: =VLOOKUP($A17,'2025.03'!$A$2:$B$28,2,FALSE) -> 4 | X17: =VLOOKUP($A17,'2025.04'!$A$2:$B$28,2,FALSE) -> 6 | Y17: =VLOOKUP($A17,'2025.05'!$A$2:$B$28,2,FALSE) -> 2 | Z17: =VLOOKUP($A17,'2025.06'!$A$2:$B$28,2,FALSE) -> 3 | AA17: =VLOOKUP($A17,'2025.07'!$A$2:$B$28,2,FALSE) -> 2 | AB17: =VLOOKUP($A17,'2025.08'!$A$2:$B$28,2,FALSE) -> 1 | AC17: =VLOOKUP($A17,'2025.09'!$A$2:$B$28,2,FALSE) -> 2 | AD17: =VLOOKUP($A17,'2025.10'!$A$2:$B$28,2,FALSE) -> 2 | AE17: =VLOOKUP($A17,'2025.11'!$A$2:$B$28,2,FALSE) -> 1 | AF17: =VLOOKUP($A17,'2025.12'!$A$2:$B$28,2,FALSE) -> 0 | AG17: =VLOOKUP($A17,'2026.01'!$A$2:$B$28,2,FALSE) -> 0 | AH17: =VLOOKUP($A17,'2026.02'!$A$2:$B$28,2,FALSE) -> 0 | AI17: =VLOOKUP($A17,'2026.03'!$A$2:$B$28,2,FALSE) -> 0 | AJ17: =VLOOKUP($A17,'2026.04'!$A$2:$B$28,2,FALSE) -> 8 | AK17: =VLOOKUP($A17,'2026.05'!$A$2:$B$28,2,FALSE) -> 1
A18: 공포 | B18: =SUM(F18:AS18) -> 36 | C18: =B18/B$30 -> 0.0088626292 | D18: =SUM(I18:T18) -> 21 | E18: =SUM(U18:AF18) -> 5 | F18: =VLOOKUP($A18,'2023.10'!$A$2:$B$26,2,FALSE) -> 0 | G18: =VLOOKUP($A18,'2023.11'!$A$2:$B$26,2,FALSE) -> 2 | H18: =VLOOKUP($A18,'2023.12'!$A$2:$B$26,2,FALSE) -> 0 | I18: =VLOOKUP($A18,'2024.01'!$A$2:$B$26,2,FALSE) -> 2 | J18: =VLOOKUP($A18,'2024.02'!$A$2:$B$26,2,FALSE) -> 1 | K18: =VLOOKUP($A18,'2024.03'!$A$2:$B$26,2,FALSE) -> 1 | L18: =VLOOKUP($A18,'2024.04'!$A$2:$B$26,2,FALSE) -> 3 | M18: =VLOOKUP($A18,'2024.05'!$A$2:$B$27,2,FALSE) -> 5 | N18: =VLOOKUP($A18,'2024.06'!$A$2:$B$27,2,FALSE) -> 1 | O18: =VLOOKUP($A18,'2024.07'!$A$2:$B$27,2,FALSE) -> 1 | P18: =VLOOKUP($A18,'2024.08'!$A$2:$B$28,2,FALSE) -> 1 | Q18: =VLOOKUP($A18,'2024.09'!$A$2:$B$28,2,FALSE) -> 2 | R18: =VLOOKUP($A18,'2024.10'!$A$2:$B$28,2,FALSE) -> 0 | S18: =VLOOKUP($A18,'2024.11'!$A$2:$B$28,2,FALSE) -> 2 | T18: =VLOOKUP($A18,'2024.12'!$A$2:$B$28,2,FALSE) -> 2 | U18: =VLOOKUP($A18,'2025.01'!$A$2:$B$28,2,FALSE) -> 2 | V18: =VLOOKUP($A18,'2025.02'!$A$2:$B$28,2,FALSE) -> 0 | W18: =VLOOKUP($A18,'2025.03'!$A$2:$B$28,2,FALSE) -> 1 | X18: =VLOOKUP($A18,'2025.04'!$A$2:$B$28,2,FALSE) -> 0 | Y18: =VLOOKUP($A18,'2025.05'!$A$2:$B$28,2,FALSE) -> 0 | Z18: =VLOOKUP($A18,'2025.06'!$A$2:$B$28,2,FALSE) -> 0 | AA18: =VLOOKUP($A18,'2025.07'!$A$2:$B$28,2,FALSE) -> 0 | AB18: =VLOOKUP($A18,'2025.08'!$A$2:$B$28,2,FALSE) -> 1 | AC18: =VLOOKUP($A18,'2025.09'!$A$2:$B$28,2,FALSE) -> 0 | AD18: =VLOOKUP($A18,'2025.10'!$A$2:$B$28,2,FALSE) -> 0 | AE18: =VLOOKUP($A18,'2025.11'!$A$2:$B$28,2,FALSE) -> 0 | AF18: =VLOOKUP($A18,'2025.12'!$A$2:$B$28,2,FALSE) -> 1 | AG18: =VLOOKUP($A18,'2026.01'!$A$2:$B$28,2,FALSE) -> 1 | AH18: =VLOOKUP($A18,'2026.02'!$A$2:$B$28,2,FALSE) -> 0 | AI18: =VLOOKUP($A18,'2026.03'!$A$2:$B$28,2,FALSE) -> 2 | AJ18: =VLOOKUP($A18,'2026.04'!$A$2:$B$28,2,FALSE) -> 4 | AK18: =VLOOKUP($A18,'2026.05'!$A$2:$B$28,2,FALSE) -> 1
A19: 퍼즐 | B19: =SUM(F19:AS19) -> 45 | C19: =B19/B$30 -> 0.011078287 | D19: =SUM(I19:T19) -> 13 | E19: =SUM(U19:AF19) -> 20 | F19: =VLOOKUP($A19,'2023.10'!$A$2:$B$26,2,FALSE) -> 1 | G19: =VLOOKUP($A19,'2023.11'!$A$2:$B$26,2,FALSE) -> 1 | H19: =VLOOKUP($A19,'2023.12'!$A$2:$B$26,2,FALSE) -> 1 | I19: =VLOOKUP($A19,'2024.01'!$A$2:$B$26,2,FALSE) -> 1 | J19: =VLOOKUP($A19,'2024.02'!$A$2:$B$26,2,FALSE) -> 2 | K19: =VLOOKUP($A19,'2024.03'!$A$2:$B$26,2,FALSE) -> 1 | L19: =VLOOKUP($A19,'2024.04'!$A$2:$B$26,2,FALSE) -> 2 | M19: =VLOOKUP($A19,'2024.05'!$A$2:$B$27,2,FALSE) -> 2 | N19: =VLOOKUP($A19,'2024.06'!$A$2:$B$27,2,FALSE) -> 1 | O19: =VLOOKUP($A19,'2024.07'!$A$2:$B$27,2,FALSE) -> 0 | P19: =VLOOKUP($A19,'2024.08'!$A$2:$B$28,2,FALSE) -> 2 | Q19: =VLOOKUP($A19,'2024.09'!$A$2:$B$28,2,FALSE) -> 1 | R19: =VLOOKUP($A19,'2024.10'!$A$2:$B$28,2,FALSE) -> 0 | S19: =VLOOKUP($A19,'2024.11'!$A$2:$B$28,2,FALSE) -> 0 | T19: =VLOOKUP($A19,'2024.12'!$A$2:$B$28,2,FALSE) -> 1 | U19: =VLOOKUP($A19,'2025.01'!$A$2:$B$28,2,FALSE) -> 2 | V19: =VLOOKUP($A19,'2025.02'!$A$2:$B$28,2,FALSE) -> 2 | W19: =VLOOKUP($A19,'2025.03'!$A$2:$B$28,2,FALSE) -> 3 | X19: =VLOOKUP($A19,'2025.04'!$A$2:$B$28,2,FALSE) -> 3 | Y19: =VLOOKUP($A19,'2025.05'!$A$2:$B$28,2,FALSE) -> 2 | Z19: =VLOOKUP($A19,'2025.06'!$A$2:$B$28,2,FALSE) -> 1 | AA19: =VLOOKUP($A19,'2025.07'!$A$2:$B$28,2,FALSE) -> 1 | AB19: =VLOOKUP($A19,'2025.08'!$A$2:$B$28,2,FALSE) -> 1 | AC19: =VLOOKUP($A19,'2025.09'!$A$2:$B$28,2,FALSE) -> 1 | AD19: =VLOOKUP($A19,'2025.10'!$A$2:$B$28,2,FALSE) -> 3 | AE19: =VLOOKUP($A19,'2025.11'!$A$2:$B$28,2,FALSE) -> 1 | AF19: =VLOOKUP($A19,'2025.12'!$A$2:$B$28,2,FALSE) -> 0 | AG19: =VLOOKUP($A19,'2026.01'!$A$2:$B$28,2,FALSE) -> 0 | AH19: =VLOOKUP($A19,'2026.02'!$A$2:$B$28,2,FALSE) -> 0 | AI19: =VLOOKUP($A19,'2026.03'!$A$2:$B$28,2,FALSE) -> 2 | AJ19: =VLOOKUP($A19,'2026.04'!$A$2:$B$28,2,FALSE) -> 6 | AK19: =VLOOKUP($A19,'2026.05'!$A$2:$B$28,2,FALSE) -> 1
A20: 오펜스 | B20: =SUM(F20:AS20) -> 34 | C20: =B20/B$30 -> 0.008370261 | D20: =SUM(I20:T20) -> 12 | E20: =SUM(U20:AF20) -> 10 | F20: =VLOOKUP($A20,'2023.10'!$A$2:$B$26,2,FALSE) -> 1 | G20: =VLOOKUP($A20,'2023.11'!$A$2:$B$26,2,FALSE) -> 1 | H20: =VLOOKUP($A20,'2023.12'!$A$2:$B$26,2,FALSE) -> 2 | I20: =VLOOKUP($A20,'2024.01'!$A$2:$B$26,2,FALSE) -> 0 | J20: =VLOOKUP($A20,'2024.02'!$A$2:$B$26,2,FALSE) -> 1 | K20: =VLOOKUP($A20,'2024.03'!$A$2:$B$26,2,FALSE) -> 0 | L20: =VLOOKUP($A20,'2024.04'!$A$2:$B$26,2,FALSE) -> 1 | M20: =VLOOKUP($A20,'2024.05'!$A$2:$B$27,2,FALSE) -> 0 | N20: =VLOOKUP($A20,'2024.06'!$A$2:$B$27,2,FALSE) -> 3 | O20: =VLOOKUP($A20,'2024.07'!$A$2:$B$27,2,FALSE) -> 1 | P20: =VLOOKUP($A20,'2024.08'!$A$2:$B$28,2,FALSE) -> 1 | Q20: =VLOOKUP($A20,'2024.09'!$A$2:$B$28,2,FALSE) -> 1 | R20: =VLOOKUP($A20,'2024.10'!$A$2:$B$28,2,FALSE) -> 2 | S20: =VLOOKUP($A20,'2024.11'!$A$2:$B$28,2,FALSE) -> 0 | T20: =VLOOKUP($A20,'2024.12'!$A$2:$B$28,2,FALSE) -> 2 | U20: =VLOOKUP($A20,'2025.01'!$A$2:$B$28,2,FALSE) -> 0 | V20: =VLOOKUP($A20,'2025.02'!$A$2:$B$28,2,FALSE) -> 1 | W20: =VLOOKUP($A20,'2025.03'!$A$2:$B$28,2,FALSE) -> 0 | X20: =VLOOKUP($A20,'2025.04'!$A$2:$B$28,2,FALSE) -> 0 | Y20: =VLOOKUP($A20,'2025.05'!$A$2:$B$28,2,FALSE) -> 0 | Z20: =VLOOKUP($A20,'2025.06'!$A$2:$B$28,2,FALSE) -> 0 | AA20: =VLOOKUP($A20,'2025.07'!$A$2:$B$28,2,FALSE) -> 0 | AB20: =VLOOKUP($A20,'2025.08'!$A$2:$B$28,2,FALSE) -> 1 | AC20: =VLOOKUP($A20,'2025.09'!$A$2:$B$28,2,FALSE) -> 0 | AD20: =VLOOKUP($A20,'2025.10'!$A$2:$B$28,2,FALSE) -> 0 | AE20: =VLOOKUP($A20,'2025.11'!$A$2:$B$28,2,FALSE) -> 3 | AF20: =VLOOKUP($A20,'2025.12'!$A$2:$B$28,2,FALSE) -> 5 | AG20: =VLOOKUP($A20,'2026.01'!$A$2:$B$28,2,FALSE) -> 5 | AH20: =VLOOKUP($A20,'2026.02'!$A$2:$B$28,2,FALSE) -> 0 | AI20: =VLOOKUP($A20,'2026.03'!$A$2:$B$28,2,FALSE) -> 0 | AJ20: =VLOOKUP($A20,'2026.04'!$A$2:$B$28,2,FALSE) -> 1 | AK20: =VLOOKUP($A20,'2026.05'!$A$2:$B$28,2,FALSE) -> 2
A21: 리듬게임 | B21: =SUM(F21:AS21) -> 13 | C21: =B21/B$30 -> 0.0032003939 | D21: =SUM(I21:T21) -> 8 | E21: =SUM(U21:AF21) -> 3 | F21: =VLOOKUP($A21,'2023.10'!$A$2:$B$26,2,FALSE) -> 1 | G21: =VLOOKUP($A21,'2023.11'!$A$2:$B$26,2,FALSE) -> 0 | H21: =VLOOKUP($A21,'2023.12'!$A$2:$B$26,2,FALSE) -> 0 | I21: =VLOOKUP($A21,'2024.01'!$A$2:$B$26,2,FALSE) -> 2 | J21: =VLOOKUP($A21,'2024.02'!$A$2:$B$26,2,FALSE) -> 0 | K21: =VLOOKUP($A21,'2024.03'!$A$2:$B$26,2,FALSE) -> 0 | L21: =VLOOKUP($A21,'2024.04'!$A$2:$B$26,2,FALSE) -> 1 | M21: =VLOOKUP($A21,'2024.05'!$A$2:$B$27,2,FALSE) -> 1 | N21: =VLOOKUP($A21,'2024.06'!$A$2:$B$27,2,FALSE) -> 0 | O21: =VLOOKUP($A21,'2024.07'!$A$2:$B$27,2,FALSE) -> 0 | P21: =VLOOKUP($A21,'2024.08'!$A$2:$B$28,2,FALSE) -> 1 | Q21: =VLOOKUP($A21,'2024.09'!$A$2:$B$28,2,FALSE) -> 1 | R21: =VLOOKUP($A21,'2024.10'!$A$2:$B$28,2,FALSE) -> 1 | S21: =VLOOKUP($A21,'2024.11'!$A$2:$B$28,2,FALSE) -> 1 | T21: =VLOOKUP($A21,'2024.12'!$A$2:$B$28,2,FALSE) -> 0 | U21: =VLOOKUP($A21,'2025.01'!$A$2:$B$28,2,FALSE) -> 0 | V21: =VLOOKUP($A21,'2025.02'!$A$2:$B$28,2,FALSE) -> 0 | W21: =VLOOKUP($A21,'2025.03'!$A$2:$B$28,2,FALSE) -> 0 | X21: =VLOOKUP($A21,'2025.04'!$A$2:$B$28,2,FALSE) -> 1 | Y21: =VLOOKUP($A21,'2025.05'!$A$2:$B$28,2,FALSE) -> 1 | Z21: =VLOOKUP($A21,'2025.06'!$A$2:$B$28,2,FALSE) -> 0 | AA21: =VLOOKUP($A21,'2025.07'!$A$2:$B$28,2,FALSE) -> 0 | AB21: =VLOOKUP($A21,'2025.08'!$A$2:$B$28,2,FALSE) -> 1 | AC21: =VLOOKUP($A21,'2025.09'!$A$2:$B$28,2,FALSE) -> 0 | AD21: =VLOOKUP($A21,'2025.10'!$A$2:$B$28,2,FALSE) -> 0 | AE21: =VLOOKUP($A21,'2025.11'!$A$2:$B$28,2,FALSE) -> 0 | AF21: =VLOOKUP($A21,'2025.12'!$A$2:$B$28,2,FALSE) -> 0 | AG21: =VLOOKUP($A21,'2026.01'!$A$2:$B$28,2,FALSE) -> 0 | AH21: =VLOOKUP($A21,'2026.02'!$A$2:$B$28,2,FALSE) -> 0 | AI21: =VLOOKUP($A21,'2026.03'!$A$2:$B$28,2,FALSE) -> 1 | AJ21: =VLOOKUP($A21,'2026.04'!$A$2:$B$28,2,FALSE) -> 0 | AK21: =VLOOKUP($A21,'2026.05'!$A$2:$B$28,2,FALSE) -> 0
A22: 탈출 | B22: =SUM(F22:AS22) -> 17 | C22: =B22/B$30 -> 0.0041851305 | D22: =SUM(I22:T22) -> 5 | E22: =SUM(U22:AF22) -> 9 | F22: =VLOOKUP($A22,'2023.10'!$A$2:$B$26,2,FALSE) -> 2 | G22: =VLOOKUP($A22,'2023.11'!$A$2:$B$26,2,FALSE) -> 0 | H22: =VLOOKUP($A22,'2023.12'!$A$2:$B$26,2,FALSE) -> 0 | I22: =VLOOKUP($A22,'2024.01'!$A$2:$B$26,2,FALSE) -> 0 | J22: =VLOOKUP($A22,'2024.02'!$A$2:$B$26,2,FALSE) -> 0 | K22: =VLOOKUP($A22,'2024.03'!$A$2:$B$26,2,FALSE) -> 2 | L22: =VLOOKUP($A22,'2024.04'!$A$2:$B$26,2,FALSE) -> 0 | M22: =VLOOKUP($A22,'2024.05'!$A$2:$B$27,2,FALSE) -> 1 | N22: =VLOOKUP($A22,'2024.06'!$A$2:$B$27,2,FALSE) -> 0 | O22: =VLOOKUP($A22,'2024.07'!$A$2:$B$27,2,FALSE) -> 1 | P22: =VLOOKUP($A22,'2024.08'!$A$2:$B$28,2,FALSE) -> 1 | Q22: =VLOOKUP($A22,'2024.09'!$A$2:$B$28,2,FALSE) -> 0 | R22: =VLOOKUP($A22,'2024.10'!$A$2:$B$28,2,FALSE) -> 0 | S22: =VLOOKUP($A22,'2024.11'!$A$2:$B$28,2,FALSE) -> 0 | T22: =VLOOKUP($A22,'2024.12'!$A$2:$B$28,2,FALSE) -> 0 | U22: =VLOOKUP($A22,'2025.01'!$A$2:$B$28,2,FALSE) -> 1 | V22: =VLOOKUP($A22,'2025.02'!$A$2:$B$28,2,FALSE) -> 1 | W22: =VLOOKUP($A22,'2025.03'!$A$2:$B$28,2,FALSE) -> 0 | X22: =VLOOKUP($A22,'2025.04'!$A$2:$B$28,2,FALSE) -> 2 | Y22: =VLOOKUP($A22,'2025.05'!$A$2:$B$28,2,FALSE) -> 1 | Z22: =VLOOKUP($A22,'2025.06'!$A$2:$B$28,2,FALSE) -> 2 | AA22: =VLOOKUP($A22,'2025.07'!$A$2:$B$28,2,FALSE) -> 0 | AB22: =VLOOKUP($A22,'2025.08'!$A$2:$B$28,2,FALSE) -> 0 | AC22: =VLOOKUP($A22,'2025.09'!$A$2:$B$28,2,FALSE) -> 0 | AD22: =VLOOKUP($A22,'2025.10'!$A$2:$B$28,2,FALSE) -> 0 | AE22: =VLOOKUP($A22,'2025.11'!$A$2:$B$28,2,FALSE) -> 2 | AF22: =VLOOKUP($A22,'2025.12'!$A$2:$B$28,2,FALSE) -> 0 | AG22: =VLOOKUP($A22,'2026.01'!$A$2:$B$28,2,FALSE) -> 0 | AH22: =VLOOKUP($A22,'2026.02'!$A$2:$B$28,2,FALSE) -> 0 | AI22: =VLOOKUP($A22,'2026.03'!$A$2:$B$28,2,FALSE) -> 0 | AJ22: =VLOOKUP($A22,'2026.04'!$A$2:$B$28,2,FALSE) -> 1 | AK22: =VLOOKUP($A22,'2026.05'!$A$2:$B$28,2,FALSE) -> 0
A23: AOS | B23: =SUM(F23:AS23) -> 13 | C23: =B23/B$30 -> 0.0032003939 | D23: =SUM(I23:T23) -> 3 | E23: =SUM(U23:AF23) -> 3 | F23: =VLOOKUP($A23,'2023.10'!$A$2:$B$26,2,FALSE) -> 2 | G23: =VLOOKUP($A23,'2023.11'!$A$2:$B$26,2,FALSE) -> 0 | H23: =VLOOKUP($A23,'2023.12'!$A$2:$B$26,2,FALSE) -> 0 | I23: =VLOOKUP($A23,'2024.01'!$A$2:$B$26,2,FALSE) -> 0 | J23: =VLOOKUP($A23,'2024.02'!$A$2:$B$26,2,FALSE) -> 0 | K23: =VLOOKUP($A23,'2024.03'!$A$2:$B$26,2,FALSE) -> 3 | L23: =VLOOKUP($A23,'2024.04'!$A$2:$B$26,2,FALSE) -> 0 | M23: =VLOOKUP($A23,'2024.05'!$A$2:$B$27,2,FALSE) -> 0 | N23: =VLOOKUP($A23,'2024.06'!$A$2:$B$27,2,FALSE) -> 0 | O23: =VLOOKUP($A23,'2024.07'!$A$2:$B$27,2,FALSE) -> 0 | P23: =VLOOKUP($A23,'2024.08'!$A$2:$B$28,2,FALSE) -> 0 | Q23: =VLOOKUP($A23,'2024.09'!$A$2:$B$28,2,FALSE) -> 0 | R23: =VLOOKUP($A23,'2024.10'!$A$2:$B$28,2,FALSE) -> 0 | S23: =VLOOKUP($A23,'2024.11'!$A$2:$B$28,2,FALSE) -> 0 | T23: =VLOOKUP($A23,'2024.12'!$A$2:$B$28,2,FALSE) -> 0 | U23: =VLOOKUP($A23,'2025.01'!$A$2:$B$28,2,FALSE) -> 1 | V23: =VLOOKUP($A23,'2025.02'!$A$2:$B$28,2,FALSE) -> 1 | W23: =VLOOKUP($A23,'2025.03'!$A$2:$B$28,2,FALSE) -> 0 | X23: =VLOOKUP($A23,'2025.04'!$A$2:$B$28,2,FALSE) -> 0 | Y23: =VLOOKUP($A23,'2025.05'!$A$2:$B$28,2,FALSE) -> 0 | Z23: =VLOOKUP($A23,'2025.06'!$A$2:$B$28,2,FALSE) -> 1 | AA23: =VLOOKUP($A23,'2025.07'!$A$2:$B$28,2,FALSE) -> 0 | AB23: =VLOOKUP($A23,'2025.08'!$A$2:$B$28,2,FALSE) -> 0 | AC23: =VLOOKUP($A23,'2025.09'!$A$2:$B$28,2,FALSE) -> 0 | AD23: =VLOOKUP($A23,'2025.10'!$A$2:$B$28,2,FALSE) -> 0 | AE23: =VLOOKUP($A23,'2025.11'!$A$2:$B$28,2,FALSE) -> 0 | AF23: =VLOOKUP($A23,'2025.12'!$A$2:$B$28,2,FALSE) -> 0 | AG23: =VLOOKUP($A23,'2026.01'!$A$2:$B$28,2,FALSE) -> 0 | AH23: =VLOOKUP($A23,'2026.02'!$A$2:$B$28,2,FALSE) -> 0 | AI23: =VLOOKUP($A23,'2026.03'!$A$2:$B$28,2,FALSE) -> 0 | AJ23: =VLOOKUP($A23,'2026.04'!$A$2:$B$28,2,FALSE) -> 5 | AK23: =VLOOKUP($A23,'2026.05'!$A$2:$B$28,2,FALSE) -> 0
A24: 슈팅 | B24: =SUM(F24:AS24) -> 8 | C24: =B24/B$30 -> 0.0019694732 | D24: =SUM(I24:T24) -> 3 | E24: =SUM(U24:AF24) -> 3 | F24: =VLOOKUP($A24,'2023.10'!$A$2:$B$26,2,FALSE) -> 1 | G24: =VLOOKUP($A24,'2023.11'!$A$2:$B$26,2,FALSE) -> 0 | H24: =VLOOKUP($A24,'2023.12'!$A$2:$B$26,2,FALSE) -> 0 | I24: =VLOOKUP($A24,'2024.01'!$A$2:$B$26,2,FALSE) -> 2 | J24: =VLOOKUP($A24,'2024.02'!$A$2:$B$26,2,FALSE) -> 0 | K24: =VLOOKUP($A24,'2024.03'!$A$2:$B$26,2,FALSE) -> 0 | L24: =VLOOKUP($A24,'2024.04'!$A$2:$B$26,2,FALSE) -> 1 | M24: =VLOOKUP($A24,'2024.05'!$A$2:$B$27,2,FALSE) -> 0 | N24: =VLOOKUP($A24,'2024.06'!$A$2:$B$27,2,FALSE) -> 0 | O24: =VLOOKUP($A24,'2024.07'!$A$2:$B$27,2,FALSE) -> 0 | P24: =VLOOKUP($A24,'2024.08'!$A$2:$B$28,2,FALSE) -> 0 | Q24: =VLOOKUP($A24,'2024.09'!$A$2:$B$28,2,FALSE) -> 0 | R24: =VLOOKUP($A24,'2024.10'!$A$2:$B$28,2,FALSE) -> 0 | S24: =VLOOKUP($A24,'2024.11'!$A$2:$B$28,2,FALSE) -> 0 | T24: =VLOOKUP($A24,'2024.12'!$A$2:$B$28,2,FALSE) -> 0 | U24: =VLOOKUP($A24,'2025.01'!$A$2:$B$28,2,FALSE) -> 1 | V24: =VLOOKUP($A24,'2025.02'!$A$2:$B$28,2,FALSE) -> 0 | W24: =VLOOKUP($A24,'2025.03'!$A$2:$B$28,2,FALSE) -> 0 | X24: =VLOOKUP($A24,'2025.04'!$A$2:$B$28,2,FALSE) -> 1 | Y24: =VLOOKUP($A24,'2025.05'!$A$2:$B$28,2,FALSE) -> 0 | Z24: =VLOOKUP($A24,'2025.06'!$A$2:$B$28,2,FALSE) -> 1 | AA24: =VLOOKUP($A24,'2025.07'!$A$2:$B$28,2,FALSE) -> 0 | AB24: =VLOOKUP($A24,'2025.08'!$A$2:$B$28,2,FALSE) -> 0 | AC24: =VLOOKUP($A24,'2025.09'!$A$2:$B$28,2,FALSE) -> 0 | AD24: =VLOOKUP($A24,'2025.10'!$A$2:$B$28,2,FALSE) -> 0 | AE24: =VLOOKUP($A24,'2025.11'!$A$2:$B$28,2,FALSE) -> 0 | AF24: =VLOOKUP($A24,'2025.12'!$A$2:$B$28,2,FALSE) -> 0 | AG24: =VLOOKUP($A24,'2026.01'!$A$2:$B$28,2,FALSE) -> 0 | AH24: =VLOOKUP($A24,'2026.02'!$A$2:$B$28,2,FALSE) -> 0 | AI24: =VLOOKUP($A24,'2026.03'!$A$2:$B$28,2,FALSE) -> 0 | AJ24: =VLOOKUP($A24,'2026.04'!$A$2:$B$28,2,FALSE) -> 0 | AK24: =VLOOKUP($A24,'2026.05'!$A$2:$B$28,2,FALSE) -> 1
A25: 추리 | B25: =SUM(F25:AS25) -> 6 | C25: =B25/B$30 -> 0.0014771049 | D25: =SUM(I25:T25) -> 4 | E25: =SUM(U25:AF25) -> 1 | F25: =VLOOKUP($A25,'2023.10'!$A$2:$B$26,2,FALSE) -> 1 | G25: =VLOOKUP($A25,'2023.11'!$A$2:$B$26,2,FALSE) -> 0 | H25: =VLOOKUP($A25,'2023.12'!$A$2:$B$26,2,FALSE) -> 0 | I25: =VLOOKUP($A25,'2024.01'!$A$2:$B$26,2,FALSE) -> 0 | J25: =VLOOKUP($A25,'2024.02'!$A$2:$B$26,2,FALSE) -> 0 | K25: =VLOOKUP($A25,'2024.03'!$A$2:$B$26,2,FALSE) -> 1 | L25: =VLOOKUP($A25,'2024.04'!$A$2:$B$26,2,FALSE) -> 1 | M25: =VLOOKUP($A25,'2024.05'!$A$2:$B$27,2,FALSE) -> 1 | N25: =VLOOKUP($A25,'2024.06'!$A$2:$B$27,2,FALSE) -> 0 | O25: =VLOOKUP($A25,'2024.07'!$A$2:$B$27,2,FALSE) -> 0 | P25: =VLOOKUP($A25,'2024.08'!$A$2:$B$28,2,FALSE) -> 0 | Q25: =VLOOKUP($A25,'2024.09'!$A$2:$B$28,2,FALSE) -> 0 | R25: =VLOOKUP($A25,'2024.10'!$A$2:$B$28,2,FALSE) -> 0 | S25: =VLOOKUP($A25,'2024.11'!$A$2:$B$28,2,FALSE) -> 1 | T25: =VLOOKUP($A25,'2024.12'!$A$2:$B$28,2,FALSE) -> 0 | U25: =VLOOKUP($A25,'2025.01'!$A$2:$B$28,2,FALSE) -> 0 | V25: =VLOOKUP($A25,'2025.02'!$A$2:$B$28,2,FALSE) -> 0 | W25: =VLOOKUP($A25,'2025.03'!$A$2:$B$28,2,FALSE) -> 0 | X25: =VLOOKUP($A25,'2025.04'!$A$2:$B$28,2,FALSE) -> 0 | Y25: =VLOOKUP($A25,'2025.05'!$A$2:$B$28,2,FALSE) -> 0 | Z25: =VLOOKUP($A25,'2025.06'!$A$2:$B$28,2,FALSE) -> 0 | AA25: =VLOOKUP($A25,'2025.07'!$A$2:$B$28,2,FALSE) -> 1 | AB25: =VLOOKUP($A25,'2025.08'!$A$2:$B$28,2,FALSE) -> 0 | AC25: =VLOOKUP($A25,'2025.09'!$A$2:$B$28,2,FALSE) -> 0 | AD25: =VLOOKUP($A25,'2025.10'!$A$2:$B$28,2,FALSE) -> 0 | AE25: =VLOOKUP($A25,'2025.11'!$A$2:$B$28,2,FALSE) -> 0 | AF25: =VLOOKUP($A25,'2025.12'!$A$2:$B$28,2,FALSE) -> 0 | AG25: =VLOOKUP($A25,'2026.01'!$A$2:$B$28,2,FALSE) -> 0 | AH25: =VLOOKUP($A25,'2026.02'!$A$2:$B$28,2,FALSE) -> 0 | AI25: =VLOOKUP($A25,'2026.03'!$A$2:$B$28,2,FALSE) -> 0 | AJ25: =VLOOKUP($A25,'2026.04'!$A$2:$B$28,2,FALSE) -> 0 | AK25: =VLOOKUP($A25,'2026.05'!$A$2:$B$28,2,FALSE) -> 0
A26: 병맛 | B26: =SUM(F26:AS26) -> 7 | C26: =B26/B$30 -> 0.001723289 | D26: =SUM(I26:T26) -> 3 | E26: =SUM(U26:AF26) -> 3 | F26: =VLOOKUP($A26,'2023.10'!$A$2:$B$26,2,FALSE) -> 0 | G26: =VLOOKUP($A26,'2023.11'!$A$2:$B$26,2,FALSE) -> 0 | H26: =VLOOKUP($A26,'2023.12'!$A$2:$B$26,2,FALSE) -> 0 | I26: =VLOOKUP($A26,'2024.01'!$A$2:$B$26,2,FALSE) -> 0 | J26: =VLOOKUP($A26,'2024.02'!$A$2:$B$26,2,FALSE) -> 0 | K26: =VLOOKUP($A26,'2024.03'!$A$2:$B$26,2,FALSE) -> 1 | L26: =VLOOKUP($A26,'2024.04'!$A$2:$B$26,2,FALSE) -> 0 | M26: =VLOOKUP($A26,'2024.05'!$A$2:$B$27,2,FALSE) -> 0 | N26: =VLOOKUP($A26,'2024.06'!$A$2:$B$27,2,FALSE) -> 0 | O26: =VLOOKUP($A26,'2024.07'!$A$2:$B$27,2,FALSE) -> 0 | P26: =VLOOKUP($A26,'2024.08'!$A$2:$B$28,2,FALSE) -> 2 | Q26: =VLOOKUP($A26,'2024.09'!$A$2:$B$28,2,FALSE) -> 0 | R26: =VLOOKUP($A26,'2024.10'!$A$2:$B$28,2,FALSE) -> 0 | S26: =VLOOKUP($A26,'2024.11'!$A$2:$B$28,2,FALSE) -> 0 | T26: =VLOOKUP($A26,'2024.12'!$A$2:$B$28,2,FALSE) -> 0 | U26: =VLOOKUP($A26,'2025.01'!$A$2:$B$28,2,FALSE) -> 0 | V26: =VLOOKUP($A26,'2025.02'!$A$2:$B$28,2,FALSE) -> 0 | W26: =VLOOKUP($A26,'2025.03'!$A$2:$B$28,2,FALSE) -> 0 | X26: =VLOOKUP($A26,'2025.04'!$A$2:$B$28,2,FALSE) -> 0 | Y26: =VLOOKUP($A26,'2025.05'!$A$2:$B$28,2,FALSE) -> 0 | Z26: =VLOOKUP($A26,'2025.06'!$A$2:$B$28,2,FALSE) -> 0 | AA26: =VLOOKUP($A26,'2025.07'!$A$2:$B$28,2,FALSE) -> 0 | AB26: =VLOOKUP($A26,'2025.08'!$A$2:$B$28,2,FALSE) -> 2 | AC26: =VLOOKUP($A26,'2025.09'!$A$2:$B$28,2,FALSE) -> 0 | AD26: =VLOOKUP($A26,'2025.10'!$A$2:$B$28,2,FALSE) -> 1 | AE26: =VLOOKUP($A26,'2025.11'!$A$2:$B$28,2,FALSE) -> 0 | AF26: =VLOOKUP($A26,'2025.12'!$A$2:$B$28,2,FALSE) -> 0 | AG26: =VLOOKUP($A26,'2026.01'!$A$2:$B$28,2,FALSE) -> 0 | AH26: =VLOOKUP($A26,'2026.02'!$A$2:$B$28,2,FALSE) -> 0 | AI26: =VLOOKUP($A26,'2026.03'!$A$2:$B$28,2,FALSE) -> 1 | AJ26: =VLOOKUP($A26,'2026.04'!$A$2:$B$28,2,FALSE) -> 0 | AK26: =VLOOKUP($A26,'2026.05'!$A$2:$B$28,2,FALSE) -> 0
A27: 영상 | B27: =SUM(F27:AS27) -> 5 | C27: =B27/B$30 -> 0.0012309207 | D27: =SUM(I27:T27) -> 1 | E27: =SUM(U27:AF27) -> 2 | F27: =VLOOKUP($A27,'2023.10'!$A$2:$B$26,2,FALSE) -> 0 | G27: =VLOOKUP($A27,'2023.11'!$A$2:$B$26,2,FALSE) -> 0 | H27: =VLOOKUP($A27,'2023.12'!$A$2:$B$26,2,FALSE) -> 0 | I27: =VLOOKUP($A27,'2024.01'!$A$2:$B$26,2,FALSE) -> 0 | J27: =VLOOKUP($A27,'2024.02'!$A$2:$B$26,2,FALSE) -> 0 | K27: =VLOOKUP($A27,'2024.03'!$A$2:$B$26,2,FALSE) -> 0 | L27: =VLOOKUP($A27,'2024.04'!$A$2:$B$26,2,FALSE) -> 0 | M27: =VLOOKUP($A27,'2024.05'!$A$2:$B$27,2,FALSE) -> 0 | N27: =VLOOKUP($A27,'2024.06'!$A$2:$B$27,2,FALSE) -> 0 | O27: =VLOOKUP($A27,'2024.07'!$A$2:$B$27,2,FALSE) -> 0 | P27: =VLOOKUP($A27,'2024.08'!$A$2:$B$28,2,FALSE) -> 1 | Q27: =VLOOKUP($A27,'2024.09'!$A$2:$B$28,2,FALSE) -> 0 | R27: =VLOOKUP($A27,'2024.10'!$A$2:$B$28,2,FALSE) -> 0 | S27: =VLOOKUP($A27,'2024.11'!$A$2:$B$28,2,FALSE) -> 0 | T27: =VLOOKUP($A27,'2024.12'!$A$2:$B$28,2,FALSE) -> 0 | U27: =VLOOKUP($A27,'2025.01'!$A$2:$B$28,2,FALSE) -> 1 | V27: =VLOOKUP($A27,'2025.02'!$A$2:$B$28,2,FALSE) -> 0 | W27: =VLOOKUP($A27,'2025.03'!$A$2:$B$28,2,FALSE) -> 0 | X27: =VLOOKUP($A27,'2025.04'!$A$2:$B$28,2,FALSE) -> 0 | Y27: =VLOOKUP($A27,'2025.05'!$A$2:$B$28,2,FALSE) -> 0 | Z27: =VLOOKUP($A27,'2025.06'!$A$2:$B$28,2,FALSE) -> 0 | AA27: =VLOOKUP($A27,'2025.07'!$A$2:$B$28,2,FALSE) -> 0 | AB27: =VLOOKUP($A27,'2025.08'!$A$2:$B$28,2,FALSE) -> 0 | AC27: =VLOOKUP($A27,'2025.09'!$A$2:$B$28,2,FALSE) -> 0 | AD27: =VLOOKUP($A27,'2025.10'!$A$2:$B$28,2,FALSE) -> 0 | AE27: =VLOOKUP($A27,'2025.11'!$A$2:$B$28,2,FALSE) -> 0 | AF27: =VLOOKUP($A27,'2025.12'!$A$2:$B$28,2,FALSE) -> 1 | AG27: =VLOOKUP($A27,'2026.01'!$A$2:$B$28,2,FALSE) -> 1 | AH27: =VLOOKUP($A27,'2026.02'!$A$2:$B$28,2,FALSE) -> 0 | AI27: =VLOOKUP($A27,'2026.03'!$A$2:$B$28,2,FALSE) -> 0 | AJ27: =VLOOKUP($A27,'2026.04'!$A$2:$B$28,2,FALSE) -> 0 | AK27: =VLOOKUP($A27,'2026.05'!$A$2:$B$28,2,FALSE) -> 1
A28: 레이싱 | B28: =SUM(F28:AS28) -> 3 | C28: =B28/B$30 -> 0.00073855244 | D28: =SUM(I28:T28) -> 0 | E28: =SUM(U28:AF28) -> 2 | P28: =VLOOKUP($A28,'2024.08'!$A$2:$B$28,2,FALSE) -> 0 | Q28: =VLOOKUP($A28,'2024.09'!$A$2:$B$28,2,FALSE) -> 0 | R28: =VLOOKUP($A28,'2024.10'!$A$2:$B$28,2,FALSE) -> 0 | S28: =VLOOKUP($A28,'2024.11'!$A$2:$B$28,2,FALSE) -> 0 | T28: =VLOOKUP($A28,'2024.12'!$A$2:$B$28,2,FALSE) -> 0 | U28: =VLOOKUP($A28,'2025.01'!$A$2:$B$28,2,FALSE) -> 0 | V28: =VLOOKUP($A28,'2025.02'!$A$2:$B$28,2,FALSE) -> 1 | W28: =VLOOKUP($A28,'2025.03'!$A$2:$B$28,2,FALSE) -> 0 | X28: =VLOOKUP($A28,'2025.04'!$A$2:$B$28,2,FALSE) -> 0 | Y28: =VLOOKUP($A28,'2025.05'!$A$2:$B$28,2,FALSE) -> 0 | Z28: =VLOOKUP($A28,'2025.06'!$A$2:$B$28,2,FALSE) -> 0 | AA28: =VLOOKUP($A28,'2025.07'!$A$2:$B$28,2,FALSE) -> 0 | AB28: =VLOOKUP($A28,'2025.08'!$A$2:$B$28,2,FALSE) -> 0 | AC28: =VLOOKUP($A28,'2025.09'!$A$2:$B$28,2,FALSE) -> 0 | AD28: =VLOOKUP($A28,'2025.10'!$A$2:$B$28,2,FALSE) -> 0 | AE28: =VLOOKUP($A28,'2025.11'!$A$2:$B$28,2,FALSE) -> 0 | AF28: =VLOOKUP($A28,'2025.12'!$A$2:$B$28,2,FALSE) -> 1 | AG28: =VLOOKUP($A28,'2026.01'!$A$2:$B$28,2,FALSE) -> 1 | AH28: =VLOOKUP($A28,'2026.02'!$A$2:$B$28,2,FALSE) -> 0 | AI28: =VLOOKUP($A28,'2026.03'!$A$2:$B$28,2,FALSE) -> 0 | AJ28: =VLOOKUP($A28,'2026.04'!$A$2:$B$28,2,FALSE) -> 0 | AK28: =VLOOKUP($A28,'2026.05'!$A$2:$B$28,2,FALSE) -> 0
A30: 계 | B30: =SUM(B2:B28) -> 4062 | C30: =SUM(C2:C28) -> 1 | D30: =SUM(D2:D28) -> 1734
A84: 장르 | B84: 2024 총합 | D84: 백분율 | F84: 장르 | G84: 2024 총합
A85: 맞히기 | B85: 580 | D85: =B85/$B$112 -> 0.33448674 | F85: 맞히기 | G85: =SUM(I2:T2) -> 580
A86: 컴까기 | B86: 165 | D86: =B86/$B$112 -> 0.095155709 | F86: 디펜스 | G86: =SUM(I3:T3) -> 164
A87: 디펜스 | B87: 164 | D87: =B87/$B$112 -> 0.094579008 | F87: 컴까기 | G87: =SUM(I4:T4) -> 165
A88: 대전 | B88: 151 | D88: =B88/$B$112 -> 0.087081892 | F88: 대전 | G88: =SUM(I5:T5) -> 151
A89: 캠페인 | B89: 86 | D89: =B89/$B$112 -> 0.049596309 | F89: 캠페인 | G89: =SUM(I6:T6) -> 86
A90: RPG | B90: 84 | D90: =B90/$B$112 -> 0.048442907 | F90: 컨트롤 | G90: =SUM(I7:T7) -> 76
A91: 컨트롤 | B91: 76 | D91: =B91/$B$112 -> 0.043829296 | F91: RPG | G91: =SUM(I8:T8) -> 84
A92: 미니게임 | B92: 56 | D92: =B92/$B$112 -> 0.032295271 | F92: 미니게임 | G92: =SUM(I9:T9) -> 56
A93: 디플로메시 | B93: 48 | D93: =B93/$B$112 -> 0.027681661 | F93: 기타 | G93: =SUM(I10:T10) -> 41
A94: 키우기 | B94: 48 | D94: =B94/$B$112 -> 0.027681661 | F94: 디플로메시 | G94: =SUM(I11:T11) -> 48
A95: 서바이벌 | B95: 45 | D95: =B95/$B$112 -> 0.025951557 | F95: 서바이벌 | G95: =SUM(I12:T12) -> 45
A96: 기타 | B96: 41 | D96: =B96/$B$112 -> 0.023644752 | F96: 키우기 | G96: =SUM(I13:T13) -> 48
... A110: 영상 | B110: 1 | D110: =B110/$B$112 -> 0.00057670127 | F110: 영상 | G110: =SUM(I27:T27) -> 1
A112: 계 | B112: =SUM(B85:B110) -> 1734 | D112: =SUM(D85:D110) -> 1

Sheet Sheet2
A1: 기간 | B1: 2022-08-22 (week) | C1: 2022-08-29 (week) | D1: 2022-09-05 (week) | E1: 2022-09-12 (week) | F1: 2022-09-19 (week) | G1: 2022-09-26 (week) | H1: 2022-10-03 (week) | I1: 2022-10-10 (week) | J1: 2022-10-17 (week) | K1: 2022-10-24 (week) | L1: 2022-10-31 (week) | M1: 2022-11-07 (week) | N1: 2022-11-14 (week) | O1: 2022-11-21 (week) | P1: 2022-11-28 (week) | Q1: 2022-12-05 (week) | R1: 2022-12-12 (week) | S1: 2022-12-19 (week) | T1: 2022-12-26 (week) | U1: 2023-01-02 (week) | V1: 2023-01-09 (week) | W1: 2023-01-16 (week) | X1: 2023-01-23 (week) | Y1: 2023-01-30 (week) | Z1: 2023-02-06 (week) | AA1: 2023-02-13 (week) | AB1: 2023-02-20 (week) | AC1: 2023-02-27 (week) | AD1: 2023-03-06 (week) | AK1: sum
A2: 맞히기 관련 | B2: 6863 | C2: 6793 | D2: 8268 | E2: 7667 | F2: 6853 | G2: 6187 | H2: 6280 | I2: 6130 | J2: 5901 | K2: 7347 | L2: 6885 | M2: 7014 | N2: 9111 | O2: 7045 | P2: 6942 | Q2: 6986 | R2: 7210 | S2: 7355 | T2: 7300 | U2: 7995 | V2: 8837 | W2: 7151 | X2: 8111 | Y2: 8002 | Z2: 7057 | AA2: 7154 | AB2: 8453 | AC2: 7883 | AD2: 5702 | AK2: =SUM(B2:AD2) -> 210482
A3: test2 | B3: 2054 | C3: 1304 | D3: 1346 | E3: 1952 | F3: 1960 | G3: 3306 | H3: 4460 | I3: 3552 | J3: 1497 | K3: 1740 | L3: 1810 | M3: 2974 | N3: 4041 | O3: 3464 | P3: 4342 | Q3: 4481 | R3: 5229 | S3: 5324 | T3: 3457 | U3: 4472 | V3: 1683 | W3: 1823 | X3: 1964 | Y3: 5342 | Z3: 5555 | AA3: 4222 | AB3: 5208 | AC3: 4233 | AD3: 1919 | AK3: =SUM(B3:AD3) -> 94714
A4: 메운디 관련 | B4: 0 | C4: 0 | D4: 0 | E4: 0 | F4: 0 | G4: 0 | H4: 6762 | I4: 7287 | J4: 8741 | K4: 4470 | L4: 9850 | M4: 12939 | N4: 4619 | O4: 1782 | P4: 843 | Q4: 518 | R4: 353 | S4: 0 | T4: 0 | U4: 0 | V4: 0 | W4: 306 | X4: 359 | Y4: 0 | Z4: 0 | AA4: 0 | AB4: 0 | AC4: 0 | AD4: 0 | AK4: =SUM(B4:AD4) -> 58829
A5: 디펜스 | B5: 339 | C5: 310 | D5: 445 | E5: 268 | F5: 318 | G5: 1005 | H5: 2557 | I5: 2855 | J5: 2530 | K5: 1031 | L5: 1065 | M5: 514 | N5: 612 | O5: 639 | P5: 439 | Q5: 1411 | R5: 1511 | S5: 2245 | T5: 1771 | U5: 1012 | V5: 555 | W5: 353 | X5: 0 | Y5: 0 | Z5: 354 | AA5: 344 | AB5: 0 | AC5: 0 | AD5: 0 | AK5: =SUM(B5:AD5) -> 24483
A6: 캐키보 | B6: 280 | C6: 244 | D6: 268 | E6: 344 | F6: 228 | G6: 308 | H6: 0 | I6: 0 | J6: 505 | K6: 349 | L6: 361 | M6: 976 | N6: 1374 | O6: 1928 | P6: 1821 | Q6: 1759 | R6: 1797 | S6: 1209 | T6: 1001 | U6: 938 | V6: 1040 | W6: 766 | X6: 564 | Y6: 747 | Z6: 583 | AA6: 367 | AB6: 398 | AC6: 379 | AD6: 259 | AK6: =SUM(B6:AD6) -> 20793
A7: 컴까기 | B7: 517 | C7: 783 | D7: 852 | E7: 622 | F7: 529 | G7: 735 | H7: 417 | I7: 426 | J7: 493 | K7: 405 | L7: 446 | M7: 545 | N7: 503 | O7: 607 | P7: 634 | Q7: 575 | R7: 452 | S7: 563 | T7: 508 | U7: 378 | V7: 410 | W7: 582 | X7: 560 | Y7: 619 | Z7: 631 | AA7: 923 | AB7: 688 | AC7: 496 | AD7: 700 | AK7: =SUM(B7:AD7) -> 16599
A8: 게임 | B8: 390 | C8: 320 | D8: 485 | E8: 495 | F8: 504 | G8: 312 | H8: 497 | I8: 385 | J8: 515 | K8: 691 | L8: 645 | M8: 655 | N8: 746 | O8: 672 | P8: 470 | Q8: 450 | R8: 442 | S8: 611 | T8: 603 | U8: 554 | V8: 642 | W8: 435 | X8: 600 | Y8: 535 | Z8: 581 | AA8: 525 | AB8: 432 | AC8: 443 | AD8: 448 | AK8: =SUM(B8:AD8) -> 15083
A9: 메이플 | B9: 0 | C9: 0 | D9: 0 | E9: 0 | F9: 0 | G9: 618 | H9: 3268 | I9: 1887 | J9: 1996 | K9: 762 | L9: 847 | M9: 769 | N9: 590 | O9: 513 | P9: 0 | Q9: 0 | R9: 0 | S9: 0 | T9: 0 | U9: 0 | V9: 0 | W9: 0 | X9: 0 | Y9: 0 | Z9: 0 | AA9: 0 | AB9: 0 | AC9: 0 | AD9: 0 | AK9: =SUM(B9:AD9) -> 11250
A10: 리니지 | B10: 0 | C10: 0 | D10: 0 | E10: 0 | F10: 0 | G10: 0 | H10: 0 | I10: 0 | J10: 0 | K10: 0 | L10: 0 | M10: 0 | N10: 0 | O10: 0 | P10: 0 | Q10: 0 | R10: 0 | S10: 0 | T10: 0 | U10: 0 | V10: 0 | W10: 0 | X10: 0 | Y10: 0 | Z10: 0 | AA10: 3131 | AB10: 4140 | AC10: 2306 | AD10: 1342 | AK10: =SUM(B10:AD10) -> 10919
A11: dps | B11: 0 | C11: 0 | D11: 0 | E11: 0 | F11: 0 | G11: 0 | H11: 0 | I11: 0 | J11: 0 | K11: 0 | L11: 0 | M11: 0 | N11: 0 | O11: 0 | P11: 0 | Q11: 0 | R11: 0 | S11: 0 | T11: 0 | U11: 1178 | V11: 2631 | W11: 741 | X11: 1797 | Y11: 1219 | Z11: 1285 | AA11: 644 | AB11: 443 | AC11: 362 | AD11: 321 | AK11: =SUM(B11:AD11) -> 10621
A36: 기간 | B36: 2022-08-22 (week) | C36: 2022-08-29 (week) | D36: 2022-09-05 (week) | E36: 2022-09-12 (week) | F36: 2022-09-19 (week) | G36: 2022-09-26 (week) | H36: 2022-10-03 (week) | I36: 2022-10-10 (week) | J36: 2022-10-17 (week) | K36: 2022-10-24 (week) | L36: 2022-10-31 (week) | M36: 2022-11-07 (week) | N36: 2022-11-14 (week) | O36: 2022-11-21 (week) | P36: 2022-11-28 (week) | Q36: 2022-11-28 (week) | R36: 2022-11-28 (week) | S36: 2022-12-05 (week) | T36: 2022-12-05 (week) | U36: 2022-12-05 (week) | V36: 2022-12-12 (week) | W36: 2022-12-12 (week) | X36: 2022-12-12 (week) | Y36: 2022-12-19 (week) | Z36: 2022-12-19 (week) | AA36: 2022-12-19 (week)
A37: 컴까기 | B37: 502 | C37: 778 | D37: 841 | E37: 604 | F37: 509 | G37: 723 | H37: 414 | I37: 425 | J37: 492 | K37: 400 | L37: 441 | M37: 531 | N37: 498 | O37: 593 | P37: 531 | Q37: 0 | R37: 50 | S37: 477 | T37: 0 | U37: 42 | V37: 378 | W37: 0 | X37: 26 | Y37: 456 | Z37: 0 | AA37: 39
A38: 디펜스 | B38: 339 | C38: 310 | D38: 445 | E38: 268 | F38: 318 | G38: 405 | H38: 396 | I38: 570 | J38: 1126 | K38: 690 | L38: 577 | M38: 514 | N38: 612 | O38: 639 | P38: 298 | Q38: 0 | R38: 59 | S38: 342 | T38: 0 | U38: 57 | V38: 229 | W38: 0 | X38: 16 | Y38: 213 | Z38: 0 | AA38: 21
A39: rpg | B39: 0 | C39: 0 | D39: 0 | E39: 0 | F39: 287 | G39: 241 | H39: 0 | I39: 334 | J39: 326 | K39: 351 | L39: 329 | M39: 391 | N39: 400 | O39: 548 | P39: 272 | Q39: 0 | R39: 140 | S39: 297 | T39: 0 | U39: 119 | V39: 217 | W39: 0 | X39: 117 | Y39: 211 | Z39: 0 | AA39: 77
A40: 디지몬 | B40: 0 | C40: 0 | D40: 0 | E40: 0 | F40: 0 | G40: 0 | H40: 0 | I40: 0 | J40: 0 | K40: 0 | L40: 0 | M40: 0 | N40: 0 | O40: 0 | P40: 258 | Q40: 0 | R40: 0 | S40: 505 | T40: 0 | U40: 17 | V40: 595 | W40: 0 | X40: 0 | Y40: 673 | Z40: 0 | AA40: 11
A41: 강화 | B41: 0 | C41: 0 | D41: 0 | E41: 0 | F41: 0 | G41: 0 | H41: 0 | I41: 0 | J41: 0 | K41: 0 | L41: 0 | M41: 0 | N41: 0 | O41: 0 | P41: 169 | Q41: 0 | R41: 0 | S41: 86 | T41: 0 | U41: 0 | V41: 57 | W41: 0 | X41: 0 | Y41: 58 | Z41: 0 | AA41: 0
A42: 키우기 | B42: 0 | C42: 0 | D42: 206 | E42: 474 | F42: 494 | G42: 555 | H42: 0 | I42: 0 | J42: 294 | K42: 0 | L42: 248 | M42: 306 | N42: 271 | O42: 317 | P42: 130 | Q42: 0 | R42: 49 | S42: 236 | T42: 0 | U42: 38 | V42: 120 | W42: 0 | X42: 26 | Y42: 101 | Z42: 0 | AA42: 20
A43: 캐릭터 키워 | B43: 0 | C43: 0 | D43: 0 | E43: 0 | F43: 0 | G43: 0 | H43: 0 | I43: 0 | J43: 0 | K43: 0 | L43: 0 | M43: 0 | N43: 0 | O43: 0 | P43: 127 | Q43: 0 | R43: 0 | S43: 178 | T43: 0 | U43: 0 | V43: 219 | W43: 0 | X43: 0 | Y43: 143 | Z43: 0 | AA43: 0
A44: 캐릭터 | B44: 0 | C44: 0 | D44: 0 | E44: 0 | F44: 0 | G44: 0 | H44: 0 | I44: 0 | J44: 0 | K44: 0 | L44: 0 | M44: 0 | N44: 0 | O44: 442 | P44: 124 | Q44: 0 | R44: 0 | S44: 93 | T44: 0 | U44: 0 | V44: 102 | W44: 0 | X44: 0 | Y44: 92 | Z44: 0 | AA44: 0
A45: 메이플 | B45: 0 | C45: 0 | D45: 0 | E45: 0 | F45: 0 | G45: 618 | H45: 3268 | I45: 1887 | J45: 1996 | K45: 762 | L45: 847 | M45: 769 | N45: 590 | O45: 513 | P45: 111 | Q45: 0 | R45: 13 | S45: 139 | T45: 0 | U45: 0 | V45: 109 | W45: 0 | X45: 13 | Y45: 75 | Z45: 0 | AA45: 12
A46: 서바이벌 | B46: 0 | C46: 0 | D46: 222 | E46: 0 | F46: 0 | G46: 0 | H46: 0 | I46: 0 | J46: 0 | K46: 0 | L46: 0 | M46: 0 | N46: 0 | O46: 0 | P46: 110 | Q46: 0 | R46: 38 | S46: 123 | T46: 0 | U46: 0 | V46: 131 | W46: 0 | X46: 47 | Y46: 0 | Z46: 0 | AA46: 0
A47: 싱글 | B47: 0 | C47: 0 | D47: 0 | E47: 0 | F47: 0 | G47: 0 | H47: 0 | I47: 0 | J47: 0 | K47: 0 | L47: 0 | M47: 0 | N47: 0 | O47: 0 | P47: 110 | Q47: 0 | R47: 14 | S47: 71 | T47: 0 | U47: 0 | V47: 0 | W47: 0 | X47: 0 | Y47: 75 | Z47: 0 | AA47: 0
A48: 바람 | B48: 0 | C48: 0 | D48: 0 | E48: 0 | F48: 0 | G48: 0 | H48: 0 | I48: 0 | J48: 0 | K48: 0 | L48: 0 | M48: 0 | N48: 0 | O48: 0 | P48: 109 | Q48: 0 | R48: 22 | S48: 0 | T48: 0 | U48: 0 | V48: 0 | W48: 0 | X48: 0 | Y48: 0 | Z48: 0 | AA48: 0
... A94: eud | B94: 0 | C94: 0 | D94: 0 | E94: 0 | F94: 0 | G94: 0 | H94: 0 | I94: 0 | J94: 0 | K94: 0 | L94: 0 | M94: 0 | N94: 0 | O94: 0 | P94: 0 | Q94: 0 | R94: 0 | S94: 0 | T94: 0 | U94: 15 | V94: 0 | W94: 0 | X94: 0 | Y94: 0 | Z94: 0 | AA94: 0
